company_name,number_of_investments,number_of_exits,location,investor_type,description,company_url,domain,Unnamed: 8,facebook,instagram,linkedin,twitter,Unnamed: 13,contact_email,phone_number,industries,program,country,Unnamed: 19
151 Locust,,,"Avondale Estates, Georgia, United States",Incubator,151 Locust is a business incubator and coworking facility in Avondale Estates.,http://151locust.com/,151locust.com,,,,,,,info@151locust.com,,,,United States,
Telfair Capital,,,"Atlanta, Georgia, United States",Venture Capital,"Telfair Capital is dedicated investing through the purchase of receivables in retail, hospitality, distribution, and retail services.",http://www.telfaircapital.com,telfaircapital.com,,,,,,,info@telfaircapital.com,888.273.0806,Finance,,United States,
Healey Weatherholtz Properties,,,"Atlanta, Georgia, United States",Private Equity Firm,HWP is a real estate development and investment management firm that invests and develops buildings for local communities.,https://www.hwproperties.com/,hwproperties.com,,,,,,,info@hwproperties.com,(404) 237-7710,"Real Estate, Real Estate Investment, Residential",,United States,
Pritzker Group Venture Capital,210.0,45.0,"Chicago, Illinois, United States",Venture Capital,Pritzker Group Venture Capital is a trusted partner helping entrepreneurs build market-leading technology companies,http://www.pritzkergroup.com/venture-capital/,pritzkergroup.com,,https://www.facebook.com/PritzkerVC,,http://www.linkedin.com/company/the-pritzker-group/,https://twitter.com/PritzkerVC,,info@pritzkergroup.com,,"Finance, Financial Services, Venture Capital",,United States,
Serra Ventures,199.0,10.0,"Champaign, Illinois, United States",Micro VC,Serra Ventures is an early stage venture capital firm investing in technology companies in emerging Midwest technology centers,https://serraventures.com/,serraventures.com,,https://www.facebook.com/SerraVentures,,https://www.linkedin.com/company/serra-ventures/?originalSubdomain=ph,https://twitter.com/SerraVentures,,info@serraventures.com,217.819.5200,"Agriculture, Information Technology, Venture Capital",,United States,
Lightbank,150.0,32.0,"Chicago, Illinois, United States",Venture Capital,"Lightbank VC is a venture fund based out of Chicago investing at the earliest stage across consumer, enterprise, fin-tech and more.",http://www.lightbank.com,lightbank.com,,,,https://www.linkedin.com/company-beta/869339,,,info@lightbank.com,,"EdTech, Enterprise Software, FinTech, Human Resources, Internet, Local, Marketplace, Mobile, Small and Medium Businesses",,United States,
Chicago Ventures,135.0,23.0,"Chicago, Illinois, United States",Venture Capital,"An early-stage venture capital fund, investing in exceptional entrepreneurs in the Central US.",https://chicagoventures.com/,chicagoventures.com,,https://www.facebook.com/ChicagoVentures/,https://www.instagram.com/chicagoventures/,http://www.linkedin.com/company/3197829,https://twitter.com/ChicagoVentures,,info@chicagoventures.com,1-855-500-0217,"Finance, Financial Services, Software, Venture Capital",,United States,
Hyde Park Venture Partners,131.0,22.0,"Chicago, Illinois, United States",Venture Capital,"Hyde Park Venture Partners (HPVP) is an early-stage venture capital firm focused on high-growth, mid-continent technology startups.",https://www.hydeparkvp.com/,hydeparkvp.com,,,,http://www.linkedin.com/company/hyde-park-venture-partners,https://twitter.com/hydeparkvp?lang=en,,greg@hydeparkvp.com,,"Enterprise Software, Financial Services, Venture Capital",,United States,
Second Century Ventures,128.0,11.0,"Chicago, Illinois, United States","Corporate Venture Capital, Venture Capital, Venture Debt",Second Century Ventures (SCV) is a venture capital fund focused on promoting innovation in the real estate industry.,http://www.secondcenturyventures.com,secondcenturyventures.com,,,,https://www.linkedin.com/company/704135/,,,hello@secondcenturyventures.com,312-329-8524,"Commercial Real Estate, Financial Services, Home Services, Insurance, Property Management, Real Estate, Real Estate Investment, SaaS, Smart Home, Venture Capital",,United States,
OCA Ventures,123.0,22.0,"Chicago, Illinois, United States",Venture Capital,"OCA Ventures is a venture capital firm focused on equity investments in companies with dramatic growth potential, primarily in technology",https://www.ocaventures.com/,ocaventures.com,,,,http://www.linkedin.com/company/oca-ventures,https://twitter.com/ocaventures,,plans@ocaventures.com,(312) 327-8400,"Angel Investment, Finance, Venture Capital",,United States,
Techstars Chicago,114.0,22.0,"Chicago, Illinois, United States",Accelerator,"Techstars Chicago conducts programs for startups to connect with investors, mentors, and entrepreneurs.",http://www.techstars.com/programs/chicago-program/,techstars.com,,https://www.facebook.com/techstars,https://www.instagram.com/techstars/,http://www.linkedin.com/company/1832898,https://twitter.com/techstars,,info@techstars.com,,"Consulting, Financial Services, Venture Capital",,United States,
M25,111.0,4.0,"Chicago, Illinois, United States",Micro VC,"M25 is the most active early-stage VC firm investing in Midwest headquartered startups (14 states, 100+ companies) across various industries",https://m25vc.com/,m25vc.com,,,,https://www.linkedin.com/company/m25-vc/,https://twitter.com/m25vc,,victor@m25vc.com,,"Consumer, Enterprise, Enterprise Software, Finance, Health Care, Software, Venture Capital",,United States,
Promus Ventures,104.0,17.0,"Chicago, Illinois, United States",Micro VC,Investing in early-stage deep-tech software/hardware companies run by visionary and tenacious founding teams.,http://www.promusventures.com,promusventures.com,,,,https://www.linkedin.com/company/2922061,https://twitter.com/AkashaImaging,,info@promusventures.com,,"Aerospace, AgTech, Artificial Intelligence, FinTech, Health Care, Machine Learning, Robotics, Software, Space Travel, Venture Capital",,United States,
Jump Capital,98.0,11.0,"Chicago, Illinois, United States",Venture Capital,Jump Capital is a venture capital firm specializing in Series A & B expansion stage investments in technology and software.,https://jumpcap.com/,jumpcap.com,,,,http://www.linkedin.com/company/jump-capital,https://twitter.com/jumpcapital,,info@jumpcap.com,,"Enterprise Software, Finance, Financial Services, IT Infrastructure, Venture Capital",,United States,
Healthbox,95.0,10.0,"Chicago, Illinois, United States",Accelerator,"Healthbox is a an innovation consulting and fund management services firm, helping organization build and sustain innovation strategies.",https://www.healthbox.com/,healthbox.com,,https://www.facebook.com/Healthbox,,https://www.linkedin.com/company/healthbox/,https://twitter.com/healthbox,,info@healthbox.com,312-228-4669,"Health Care, Incubators, Venture Capital",,United States,
Apex Venture Partners,85.0,24.0,"Chicago, Illinois, United States",Venture Capital,"Apex Venture Partners, established in 1987, has six funds and more than $600 million under management.",http://www.apexvc.com,apexvc.com,,,,https://www.linkedin.com/company/apex-venture-partners,,,apex@apexvc.com,,"Finance, Information Technology, Venture Capital",,United States,
IrishAngels,84.0,5.0,"Chicago, Illinois, United States",Angel Group,IrishAngels is a Chicago-based angel investing network affiliated with the University of Notre Dame.,https://irishangels.com/,irishangels.com,,,,http://www.linkedin.com/company/irishangels,https://twitter.com/irishangels,,info@irishangels.com,,Venture Capital,,United States,
REACH,83.0,8.0,"Chicago, Illinois, United States",Accelerator,"REACH is an accelerator owned and operated by Second Century Ventures, the investment arm of the National Association of Realtors¬Ѓ.",https://nar-reach.com/,narreach.com,,,,http://www.linkedin.com/company/nar-reach-,https://twitter.com/narREach,,info@narreach.com,312-329-8524,"Artificial Intelligence, Commercial Real Estate, Incubators, Property Insurance, Property Management, Real Estate, Rental Property, Residential, SaaS",,United States,
Valor Equity Partners,73.0,4.0,"Chicago, Illinois, United States",Private Equity Firm,Valor Equity Partners is an operational growth investment firm focused on high growth companies across various stages of development.,https://www.valorep.com/,valorep.com,,,,https://www.linkedin.com/company/valor-equity-partners/,,,info@valorep.com,(312) 683-1881,Financial Services,,United States,
Origin Ventures,73.0,13.0,"Chicago, Illinois, United States",Venture Capital,Origin Ventures is a VC firm that invests in emerging software and technology-enabled B2B and B2C marketplace businesses.,https://originventures.com/,originventures.com,,,,https://www.linkedin.com/company/origin-ventures/,https://twitter.com/OriginVentures,,inquire@originventures.com,,"Business Development, Finance, Financial Services, Venture Capital",,United States,
Comdisco Ventures,73.0,38.0,"Rosamond, Illinois, United States",Private Equity Firm,"Comdisco emerged from chapter 11 bankruptcy proceedings on August 12, 2002. The purpose of reorganized Comdisco is to sell, collect or",http://www.comdisco.com,comdisco.com,,,,,,,mabolste@comdisco.com,,"Finance, Financial Services, Venture Capital",,United States,
Moderne Ventures,70.0,7.0,"Chicago, Illinois, United States","Micro VC, Venture Capital","Moderne Ventures is a venture fund that invests in tech real estate, mortgage, finance, insurance, and home service companies.",https://www.moderneventures.com/passport/,moderneventures.com,,,,https://www.linkedin.com/company/6628465,,,info@moderneventures.com,,"Business Development, Finance, Venture Capital",,United States,
TechNexus Venture Collaborative,64.0,4.0,"Chicago, Illinois, United States","Corporate Venture Capital, Incubator, Venture Capital",Corporate innovators. Ecosystem curators. Collaborators in a new venture model.,http://www.technexus.com,technexus.com,,,,http://www.linkedin.com/company/technexus,,,collaborate@technexus.com,(312) 924-1026,"Aerospace, Audio, Automotive, Fitness, Incubators, Internet of Things, Public Safety, Recreational Vehicles, Wellness",,United States,
MK Capital,64.0,15.0,"Northbrook, Illinois, United States",Venture Capital,MK Capital is a $250 million venture capital fund with headquarters in Chicago and offices in Los Angeles and Ann Arbor.,https://www.mkcapital.com/,mkcapital.com,,http://www.facebook.com/mkcapital,,https://www.linkedin.com/company/69668?trk=cws-btn-overview-0-0,,,kris@mkcapital.com,310.586.7400,"Banking, Finance, Venture Capital",,United States,
Impact Engine,61.0,1.0,"Chicago, Illinois, United States","Micro VC, Private Equity Firm, Venture Capital",Impact Engine is a venture capital and private equity firm that invests financial and human capital in early-stage companies.,https://www.theimpactengine.com/,theimpactengine.com,,,,http://www.linkedin.com/company/impact-engine,https://twitter.com/TheImpactEngine,,info@theimpactengine.com,,"EdTech, Energy Efficiency, Enterprise Software, Health Care, Impact Investing, Information Technology",,United States,
Sandbox Industries,60.0,12.0,"Chicago, Illinois, United States","Accelerator, Venture Capital","Sandbox bridges the gap between startups and corporations in three ways: strategic venture funds, accelerators, and consulting services.",https://www.sandboxindustries.com/,sandboxindustries.com,,,,https://www.linkedin.com/company/sandbox-industries,,,info@sandboxindustries.com,,"Financial Services, Venture Capital",,United States,
Jumpstart Ventures,49.0,12.0,"Chicago, Illinois, United States",Micro VC,JumpStart Ventures is an investment fund built to partner with entrepreneurs solving problems that need intelligent innovation.,http://www.jumpstart.vc/,jumpstart.vc,,,,,,,partners@jumpstart.vc,,"Angel Investment, E-Commerce, Enterprise Software",,United States,
Illinois Ventures,44.0,9.0,"Chicago, Illinois, United States","Government Office, Venture Capital","Illinois Ventures is a seed and early-stage technology investment firm focused on research-derived companies in information technologies,",https://www.illinoisventures.com/,illinoisventures.com,,,,https://www.linkedin.com/company/illinois-ventures/,https://twitter.com/IllinoisVC,,admin@illinoisventures.com,(312) 996-9853 (312) 996-9853 (312) 996-9853,"Financial Services, Venture Capital",,United States,
Financial Solutions Lab,43.0,4.0,"Chicago, Illinois, United States",Accelerator,"The Financial Solutions Lab cultivates, supports and scales innovations that advance the financial health of LMI and underserved individuals",http://finlab.finhealthnetwork.org/,finlab.finhealthnetwork.org,,,,,,,FinLab@finhealthnetwork.org,,"Asset Management, Finance, Financial Services, FinTech, Information Technology, Non Profit",,United States,
Lakewest Venture Partners,39.0,7.0,"Chicago, Illinois, United States",Micro VC,"Lakewest Venture Partners is a real estate and private equity company, pursuing seed and early stage investment opportunities.",http://www.lakewestinc.com/,lakewestinc.com,,,,http://www.linkedin.com/company/lakewest-inc-,,,jon@belgraviagroup.com,(312) 561-5201,"Commercial Real Estate, Financial Services, Real Estate",,United States,
KB Partners,37.0,8.0,"Highland Park, Illinois, United States",Venture Capital,KB Partners is a suburban Chicago based investment firm focused on early stage venture capital investments.,https://kbpartners.com/,kbpartners.com,,,,https://www.linkedin.com/company/kb-partners,https://twitter.com/KBPartnersVC,,info@kbpartners.com,(847) 681-1270,"Finance, Financial Services, Sports, Venture Capital",,United States,
Duchossois Technology Partners,34.0,10.0,"Elmhurst, Illinois, United States",Venture Capital,"Duchossois Technology Partners (DTEC) is a venture capital firm investing in early, mid, and growth stages of high potential technology",https://www.dcmllc.com/,dcmllc.com,,,,https://www.linkedin.com/company/duchossois-capital-partners/about/,,,duchtec@duch.com,630-501-2300,"Finance, Impact Investing, Venture Capital",,United States,
Clean Energy Trust,33.0,2.0,"Chicago, Illinois, United States","Accelerator, Startup Competition, Venture Capital","Clean Energy Trust supports early-stage startups working on solutions for clean energy, decarbonization, and environmental sustainability.",https://www.cleanenergytrust.org/,cleanenergytrust.org,,https://www.facebook.com/cleanenergytrust,,http://www.linkedin.com/company/clean-energy-trust,https://twitter.com/cleanenergytrst,,info@cleanenergytrust.org,312-487-4000,"Advanced Materials, AgTech, Clean Energy, CleanTech, Energy, Energy Efficiency, Renewable Energy, Transportation",,United States,
AbbVie Biotech Ventures,33.0,5.0,"North Chicago, Illinois, United States","Corporate Venture Capital, Venture Capital","AbbVie Biotech Ventures, an Illinois-based company, makes investments in emerging biotech and pharmaceutical companies.",https://www.abbvie.com/partnerships/abbvie-ventures.html,abbvie.com,,https://www.facebook.com/AbbVieGlobal,https://www.instagram.com/abbvie/?hl=en,https://www.linkedin.com/company/abbvie,https://twitter.com/abbvie,,customerservice@abbvie.com,,"Biotechnology, Financial Services, Venture Capital",,United States,
Madison Dearborn Partners,32.0,16.0,"Chicago, Illinois, United States",Private Equity Firm,MDP seeks to invest in companies in partnership with outstanding management teams and achieve significant long-term value appreciation.,https://www.mdcp.com/,mdcp.com,,,,http://www.linkedin.com/company/40911,,,info@mdcp.com,(312) 895-1000,"Finance, Financial Services, Venture Capital",,United States,
Listen,32.0,5.0,"Chicago, Illinois, United States",Micro VC,Listen is a consumer-only venture capital firm focused on backing and building the brands of tomorrow.,https://www.listen.co,listen.co,,,,https://www.linkedin.com/company/listenventures/,,,Jeff@listen.co,,"Finance, Financial Services, Venture Capital",,United States,
Harvard Business School Angels Chicago,32.0,1.0,"Chicago, Illinois, United States",Angel Group,HBS Angels of Chicago invest in and directly support promising early stage ventures.,http://www.hbsangelschicago.com/,hbsangelschicago.com,,,,https://www.linkedin.com/company/harvard-business-school-angels-chicago/,,,info@hbsangelschicago.com,,Venture Capital,,United States,
Ares Management,31.0,9.0,"Chicago, Illinois, United States",Private Equity Firm,"Ares Management is a global alternative asset manager focusing on credit, private equity, and real estate.",https://www.aresmgmt.com/,aresmgmt.com,,,,http://www.linkedin.com/company/ares-management,https://twitter.com/ares_management,,investorrelations@aresmgmt.com,(800)-940-6347,"Asset Management, Credit, Financial Services",,United States,
Cultivian Sandbox Ventures,31.0,1.0,"Chicago, Illinois, United States",Venture Capital,Cultivian Sandbox is a venture capital firm focused on building next-generation disruptive agriculture and food technology companies,https://cultiviansbx.com/,cultiviansbx.com,,,,https://www.linkedin.com/company/cultivian-sandbox/,https://twitter.com/CultivianSBX,,contactus@cultiviansbx.com,,,,United States,
West Capital Advisors,31.0,7.0,"Chicago, Illinois, United States",Family Investment Office,"West Capital Advisors provides full-cycle corporate innovation, venture and strategic development advisory services.",https://www.westcapadv.com/,westcapadv.com,,,,https://www.linkedin.com/company/west-capital-advisors-llc,,,john@westcapadv.com,513.984.7980,"Medical Device, Social Media, Venture Capital",,United States,
I2A Fund,30.0,10.0,"Chicago, Illinois, United States",Micro VC,I2A is a seed venture capital fund that catalyzes and partners with entrepreneurial companies in the Illinois region.,http://www.i2afund.com,i2afund.com,,,,,,,info@i2aventures.com,,"Finance, Financial Services, Venture Capital",,United States,
"Creation Investments Capital Management, LLC",29.0,2.0,"Chicago, Illinois, United States",Private Equity Firm,"Creation Investments seeks to offer investors a double bottom line, maximizing financial and social returns on investment.",https://creationinvestments.com/,creationinvestments.com,,,,https://www.linkedin.com/company/creation-investments-social-ventures-fund-i,,,information@creationinvestments.com,312.784.3988,"Finance, Financial Services, Insurance, Leasing, Micro Lending, Payments, Venture Capital",,United States,
New Stack Ventures,28.0,1.0,"Chicago, Illinois, United States","Micro VC, Syndicate, Venture Capital",New Stack Ventures is a Chicago-based venture firm investing in early seed stage startups,https://newstack.vc,newstack.vc,,,,https://www.linkedin.com/company/11396054/,,,team@newstack.vc,+1 (312) 804-3306,"E-Commerce, Education, Financial Services, Health Care, Information Technology, Internet, Manufacturing, Marketplace, SaaS, Software",,United States,
Boeing HorizonX Ventures,28.0,1.0,"Chicago, Illinois, United States","Corporate Venture Capital, Venture Capital",HorizonX Ventures is the venture capital arm of Boeing. The firm primarily invests in late seed through mid/growth stage companies.,https://www.aeroequity.com/,boeing.com,,,,https://www.linkedin.com/company/boeing/,,,HorizonX@boeing.com,,"Advanced Materials, Artificial Intelligence, Cyber Security, Energy, Internet of Things, Logistics, Machine Learning, Manufacturing, Space Travel, Venture Capital",,United States,
Pallasite Ventures,26.0,2.0,"Chicago, Illinois, United States",Venture Capital,Pallasite Ventures provides early-stage financing for high-growth companies across a variety of industries.,https://www.pallasiteventures.com/,pallasiteventures.com,,,,https://www.linkedin.com/in/christopher-bissonnette-53154029,,,info@pallasiteventures.com,(312) 375-3889,Financial Services,,United States,
Open Prairie,26.0,4.0,"Champaign, Illinois, United States",Venture Capital,"Open Prairie is a private equity fund manager providing fund deployment, advisory, and strategic planning services since 1997.",https://www.openprairie.com/,openprairie.com,,,,https://www.linkedin.com/company/open-prairie-ventures,,,info@openprairie.com,,"Angel Investment, Finance, Venture Capital",,United States,
Guggenheim Partners,25.0,3.0,"Chicago, Illinois, United States","Investment Bank, Venture Capital","Guggenheim Partners is a diversified financial services firm, offers investment management and banking, and insurance services.",https://www.guggenheimpartners.com/,guggenheimpartners.com,,,https://www.instagram.com/guggenheimpartners,https://www.linkedin.com/company/guggenheim-partners/,https://twitter.com/GuggenheimPtnrs,,inquiries@guggenheimpartners.com,,"Finance, Financial Services, Venture Capital",,United States,
Wintrust Ventures,25.0,3.0,"Rosamond, Illinois, United States","Corporate Venture Capital, Venture Capital",Wintrust Ventures is a trusted faciliator of innovative start-up growth in the greater Chicago community.,https://www.wintrust.com,wintrust.com,,,,https://www.linkedin.com/company/wintrust-financial-corporation/,,,bmoore@wintrust.com,(312)291-2912,"Business Development, Financial Services, Venture Capital",,United States,
CMT Digital Ventures LLC,23.0,,"Chicago, Illinois, United States",Venture Capital,Opportunistic investments in blockchain companies and digital assets.,https://cmt.digital/,cmt.digital,,,,https://www.linkedin.com/company/cmt-digital-ltd/,,,bitcoin@cmtam.com,,"Blockchain, CRM, Cryptocurrency, Financial Services, FinTech, Information Technology",,United States,
Mesirow Financial,23.0,6.0,"Chicago, Illinois, United States",Private Equity Firm,Mesirow Financial is a diversified financial services firm that specializes in financial services and software.,https://www.mesirow.com/,mesirowfinancial.com,,https://www.facebook.com/mesirowfinancial,,http://www.linkedin.com/company/mesirow-financial,https://twitter.com/MesirowFin,,bjacobs@mesirowfinancial.com,800.321.1844,"Enterprise Software, Financial Services, Mobile",,United States,
DRW Venture Capital,23.0,3.0,"Chicago, Illinois, United States",Venture Capital,"DRW Venture Capital, an arm of principal trading firm DRW, invests primarily in financial and enterprise technology.",https://www.drwvc.com/,drwvc.com,,,,http://www.linkedin.com/company/drw-trading-group,,,drwrecruiting@drw.com,,"Financial Services, FinTech, Venture Capital",,United States,
Energy Foundry,23.0,2.0,"Chicago, Illinois, United States",Venture Capital,Energy Foundry is a Chicago-based venture fund that invests in early-stage energy and clean-tech startups.,https://www.energyfoundry.com/,energyfoundry.com,,,,http://www.linkedin.com/company/2773491,https://twitter.com/EnergyFoundry,,info@energyfoundry.com,,"Clean Energy, CleanTech, Energy, Energy Efficiency, Energy Storage, Impact Investing, Information Technology, Power Grid, Venture Capital",,United States,
William Blair,23.0,11.0,"Chicago, Illinois, United States","Investment Bank, Venture Capital",William Blair is a global investment banking and asset management firm.,http://www.williamblair.com,williamblair.com,,,,https://www.linkedin.com/company/166939,,,info@williamblair.com,1(312) 236-1600,"Asset Management, Banking, Finance, Financial Services, Wealth Management",,United States,
Prospect Partners,23.0,4.0,"Chicago, Illinois, United States",Private Equity Firm,Prospect Partners is a leading private equity firm that invests in smaller lower-middle-market companies.,http://www.prospect-partners.com/,prospect-partners.com,,,,https://www.linkedin.com/company/prospect-partners-llc,,,reception@prospect-partners.com,(312)782-7400,"Financial Services, Manufacturing, Venture Capital",,United States,
New Coast Ventures,22.0,3.0,"Chicago, Illinois, United States","Micro VC, Venture Capital","New Coast Ventures is a full-service web and mobile development firm that builds solutions for Fortune 500s, startups, and even itself.",http://www.newcoastventures.com/,newcoastventures.com,,,,https://www.linkedin.com/company/new-coast-ventures,,,info@newcoastventures.com,(847) 436-4229,"Computer, Consulting, Web Development",,United States,
Leo Capital Holdings,21.0,6.0,"Northbrook, Illinois, United States",Venture Capital,"Leo Capital Holdings, LLC is a privately funded venture investor making investments in early and later stage private companies.",http://www.leocapholdings.com,leocapholdings.com,,,,,,,info@leocapholdings.com,847-418-3420,"Finance, FinTech, Venture Capital",,United States,
Balyasny Asset Management,20.0,4.0,"Chicago, Illinois, United States",Private Equity Firm,"Founded in 2001, BAM is a $12 billion asset management firm dedicated to delivering consistent, uncorrelated absolute returns",https://www.bamfunds.com/,bamfunds.com,,,https://www.instagram.com/bamfunds/,https://www.linkedin.com/company/balyasny-asset-management-l.p./,,,pr@bamfunds.com,2033408050,,,United States,
Victory Park Capital,18.0,3.0,"Chicago, Illinois, United States",Private Equity Firm,"Victory Park Capital Advisors is a privately held, SEC-registered, global alternative investment firm.",http://www.victoryparkcapital.com,victoryparkcapital.com,,,,https://www.linkedin.com/company/victory-park-capital-advisors/about/,,,info@victoryparkcapital.com,312.701.1777,,,United States,
Alpha Capital,18.0,6.0,"Chicago, Illinois, United States",Private Equity Firm,"Alpha Capital provides equity financing solutions and is a private equity investment firm based in Chicago, Illinois.",http://www.alphacapital.com,alphacapital.com,,,,https://www.linkedin.com/company/alpha-capital-partners,,,info@alphacapital.com,312-322-9800,"Biotechnology, Financial Services, Software",,United States,
Salveo Capital,18.0,,"Chicago, Illinois, United States",Private Equity Firm,Private investment fund focused on the legalized cannabis industry,https://www.salveocapital.com/,salveocapital.com,,,,https://www.linkedin.com/company/salveo-capital,,,michael@salveocapital.com,312-260-1125,Venture Capital,,United States,
Zebra Ventures,18.0,6.0,"Lincolnshire, Illinois, United States",Venture Capital,Zebra Ventures is the strategic investment arm of Zebra Technologies.,https://www.zebra.com/us/en/about-zebra/zebra-ventures.html,zebra.com,,,,https://www.linkedin.com/company/zebra-technologies/,,,ventures@zebra.com,,"Business Development, Financial Services, Venture Capital",,United States,
GTCR,17.0,5.0,"Chicago, Illinois, United States",Private Equity Firm,"GTCR LLC is a private equity firm focused on leveraged buyout, leveraged recapitalization, growth capital and rollup transactions.",https://www.gtcr.com/,gtcr.com,,,,https://www.linkedin.com/company/gtcr-llc,,,info@gtcr.com,312.382.2200,"Finance, Financial Services",,United States,
KGC Capital,17.0,1.0,"Chicago, Illinois, United States",Venture Capital,KGC Capital is a U.S.-based venture capital firm focused on seed- and early-stage venture investments.,http://kgccapital.com/,kgccapital.com,,,,,,,info@kgccapital.net,,"Finance, Financial Services, Venture Capital",,United States,
Method Capital,17.0,3.0,"Chicago, Illinois, United States",Venture Capital,Method Capital is a Chicago-based venture capital firm specialized in growth stage investments in B2B technology companies.,http://method.capital/,method.capital,,,,https://www.linkedin.com/company/10841660,,,info@method.capital,312-648-6800,"Financial Services, FinTech, Venture Capital",,United States,
Chaifetz Group,16.0,1.0,"Chicago, Illinois, United States","Family Investment Office, Private Equity Firm, Venture Capital",Chaifetz Group is a venture capital and private equity firm specializing in early- and mid-stage growth companies.,http://www.chaifetzgroup.com,chaifetzgroup.com,,,,https://www.linkedin.com/company/chaifetz-group-/,,,info@chaifetzgroup.com,(312) 983-3600,"Financial Services, Venture Capital",,United States,
Keystone Capital,15.0,4.0,"Chicago, Illinois, United States",Private Equity Firm,"Keystone Capital has followed a very different approach to investing in, and growing, companies.",http://keystonecapital.com/,keystonecapital.com,,http://www.facebook.com/sharer.php?u=http%3A%2F%2Fkeystonecapital.com%2Fkeystone-announces-acquisition-of-blue-moon-digital-by-portfolio-company-merge%2F&t=Keystone%20Announces%20Acquisition%20of%20Blue%20Moon%20Digital%20by%20Portfolio%20Company%20MERGE&s=100&p[url]=http%3A%2F%2Fkeystonecapital.com%2Fkeystone-announces-acquisition-of-blue-moon-digital-by-portfolio-company-merge%2F&p[images][0]=&p[title]=Keystone%20Announces%20Acquisition%20of%20Blue%20Moon%20Digital%20by%20Portfolio%20Company%20MERGE,,https://www.linkedin.com/company/336261,https://twitter.com/intent/tweet?url=http%3A%2F%2Fkeystonecapital.com%2Fkeystone-announces-acquisition-of-blue-moon-digital-by-portfolio-company-merge%2F&text=Share,,info@keystonecapital.com,(312) 219-7900,"Finance, Financial Services, Venture Capital",,United States,
R7 Partners,14.0,,"Chicago, Illinois, United States","Micro VC, Venture Capital",R7 Partners is a venture capital firm that invests in early-stage companies building transformational technologies.,https://r7.vc,r7partners.com,,,,http://www.linkedin.com/company/r7-partners,,,hello@r7partners.com,,"Enterprise Software, Finance, Transportation",,United States,
Motivate Venture Capital,14.0,,"Chicago, Illinois, United States","Micro VC, Venture Capital",Motivate Venture Capital is a venture capital firm that invests in Seed-stage companies across the US and Canada.,https://motivate.vc/about/,motivate.vc,,,,https://www.linkedin.com/company/motivatevc/about/,,,pitch@motivate.vc,,,,United States,
WP Global Partners,14.0,1.0,"Chicago, Illinois, United States",Family Investment Office,"Institutional investor in venture capital, private equity, and private debt.",https://wpglobalpartners.com/,wpglobalpartners.com,,,,https://www.linkedin.com/company/108847,,,info@wpglobalpartners.com,(212) 558-2098,"Finance, Financial Services, Venture Capital",,United States,
Founder Equity,14.0,1.0,"Chicago, Illinois, United States",Micro VC,Founder Equity is an Early-Stage Venture Capital fund with offices in Chicago and Dallas,https://founderequity.com/,founderequity.com,,,,https://www.linkedin.com/company/founderequity/about/,https://twitter.com/founderequity,,press@founderequity.com,,,,United States,
Chicago Growth Partners,14.0,5.0,"Chicago, Illinois, United States",Private Equity Firm,Chicago Growth Partners (CGP) is a Midwest US based private equity firm that provides expansion and buyout capital to middle-market,http://cgp.com/,cgp.com,,,,http://www.linkedin.com/company/chicago-growth-partners,http://twitter.com/#!/ChicagoGrowth,,info@cgp.com,(312) 698-6300,"Biotechnology, Health Care, Venture Capital",,United States,
Chingona Ventures,13.0,,"Chicago, Illinois, United States",Venture Capital,Chingona Ventures invests in founders from backgrounds and industries that are not well understood by the traditional investor.,https://www.chingona.ventures/,chingona.ventures,,,,https://www.linkedin.com/company/chingona-ventures/,,,samara@chingona.ventures,,,,United States,
Ariadne Capital Limited,13.0,3.0,"Malta, Illinois, United States",Venture Capital,Ariadne Capital enables corporate who seek new digital revenues and startups who understand digital infrastructure.,http://www.ariadnecapital.com,ariadnecapital.com,,,,http://www.linkedin.com/company/ariadne-capital,,,press@ariadnecapital.com,+44 (0)20 3021 1641,"Business Development, Finance, Financial Services",,United States,
Cleveland Avenue,13.0,1.0,"Chicago, Illinois, United States","Accelerator, Venture Capital","Cleveland Avenue is a Chicago-based Venture Fund and Accelerator that brings unparalleled resources to Food, Beverage & Tech businesses.",https://www.clevelandavenue.com/,clevelandavenue.com,,,https://www.instagram.com/cleveavellc/,https://www.linkedin.com/company/cleveland-avenue/,https://twitter.com/CleveAveLLC,,info@clevelandavenue.com,312.383.6700,"Consumer Goods, Food and Beverage, Retail Technology, Venture Capital",,United States,
IAN Fund,13.0,,"Vermont, Illinois, United States",Venture Capital,IAN Fund is a non-profit fund designed to support the children and families of avalanche victims,https://ianfund.org/,ianfund.org,,https://www.facebook.com/AvalancheFund,https://www.instagram.com/ianfund,https://www.linkedin.com/company/international-avalanche-nest-egg,,,avalanchefund@gmail.com,802-899-0456,"Finance, Non Profit",,United States,
Bridge Investments,13.0,3.0,"Highland Park, Illinois, United States",Private Equity Firm,Chicago-based private equity and venture capital firm focused on the lower middle market (sub $5 million in EBITDA).,http://www.bridgeinvestments.com,bridgeinvestments.com,,,,https://www.linkedin.com/company/bridge-investments,,,jthomas@bridgeinvestments.com,847.681.8881,,,United States,
Fulcrum Investing,13.0,,"Chicago, Illinois, United States","Family Investment Office, Micro VC",Fulcrum Investing is a family office dedicated to the advancement and assistance of start-up companies and the entrepreneurial community.,https://www.fulcruminvesting.com/,fulcruminvesting.com,,,,https://www.linkedin.com/company/fulcrum-investing/,,,info@fulcruminvesting.com,,,,United States,
Ekistic Ventures,13.0,1.0,"Chicago, Illinois, United States","Micro VC, Venture Capital",Ekistic Ventures is a group of urban problem-solvers investing our expertise and capital to make cities more efficient and equitable.,https://www.ekistic.com/,ekistic.com,,,,https://www.linkedin.com/company/ekistic-ventures/about/,,,brett@ekistic.com,,,,United States,
Network Ventures,13.0,2.0,"Chicago, Illinois, United States",Micro VC,Network Ventures is a Chicago-based company that provides venture capital to seed stage companies.,http://www.networkventures.vc/,networkventures.vc,,,,https://www.linkedin.com/company/network-ventures,,,info@networkventures.vc,,,,United States,
Tally Capital,13.0,1.0,"Chicago, Illinois, United States","Hedge Fund, Venture Capital",Blockchain technology represents one of the greatest generational opportunities for entrepreneurs and investors.,https://tallycapital.com/,tallycapital.com,,,,https://www.linkedin.com/company/7956119/,,,hello@tallycapital.com,,"Bitcoin, Cryptocurrency, Ethereum, Open Source, Venture Capital",,United States,
Lincoln Park Capital Fund,12.0,9.0,"Chicago, Illinois, United States",Venture Capital,Lincoln Park Capital Fund is a Chicago-based asset management firm focused on opportunistic investing in public and private companies.,https://www.lpcfunds.com/,lincolnparkcapital.com,,,,,,,jcope@lpcfunds.com,(312) 822-9300,,,United States,
Equator Capital Partners,12.0,1.0,"Chicago, Illinois, United States",Private Equity Firm,Equator Capital Partners is a fund management company that invests in private sector financial enterprises.,http://www.equatorcap.net,equatorcap.net,,,,https://www.linkedin.com/company/equator-capital-partners/,,,admin@equatorcap.net,312.637.9430,,,United States,
Synetro Group,12.0,2.0,"Chicago, Illinois, United States",Venture Capital,Synetro Group is a private investment and strategic advisory firm focused primarily on b-to-b software and business services companies.,http://www.synetro.com/,synetro.com,,,,http://www.linkedin.com/company/861844,,,info@synetrogroup.com,,"Finance, Financial Services, Venture Capital",,United States,
CIVC Partners,11.0,4.0,"Chicago, Illinois, United States",Private Equity Firm,Chicago-based private equity firm with 50 years of experience.,http://www.civc.com/,civc.com,,,,https://www.linkedin.com/company/civc-partners,,,partners@civc.com,3128737300,"Finance, Financial Services, Venture Capital",,United States,
EMERGE Accelerator (A TechNexus Venture),11.0,,"Chicago, Illinois, United States",Accelerator,"Connectors of enterprises, first responders, and cities with startups building tomorrow's technology to increase productivity and safety.",http://emerge.technexus.com,emerge.technexus.com,,,,,,,collaborate@technexus.com,(312) 435-1000,"Public Safety, Wearables",,United States,
Prism Capital Corporation,11.0,6.0,"Chicago, Illinois, United States",Private Equity Firm,"Prism Capital is a private equity firm specializing in growth finance, recapitalizations, and buyouts.",https://www.prismfund.com/,prismfund.com,,,,https://www.linkedin.com/company/prism-capital,,,info@prismfund.com,,"Health Care, Information Technology, Manufacturing",,United States,
Bluestein & Associates,10.0,,"Chicago, Illinois, United States",Family Investment Office,"Bluestein & Associates is a family office based in Chicago, right in the heart of the Midwest. It was formed in 2009 and redirected in 2014.",http://www.bluesteinassociates.com/,bluesteinassociates.com,,,,,,,info@bluesteinassociates.com,312.724.8788,,,United States,
Beecken Petty O'Keefe & Company,10.0,4.0,"Chicago, Illinois, United States",Private Equity Firm,Beecken Petty O'Keefe & Company is a private equity management firm that specializes exclusively in healthcare.,https://www.bpoc.com/,bpoc.com,,,,https://www.linkedin.com/company/beecken-petty-o'keefe/,,,partners@bpoc.com,(312) 435-0300,"Angel Investment, Finance, Health Care",,United States,
Frontenac Company,10.0,7.0,"Chicago, Illinois, United States",Private Equity Firm,Frontenac Company is a Chicago-based private investment firm founded in 1971. We are currently investing from our tenth equity fund. We,https://www.frontenac.com/home.html,frontenac.com,,,,https://www.linkedin.com/company/frontenac-company,,,kporter@frontenac.com,,"Food and Beverage, Industrial, Venture Capital",,United States,
Driehaus Capital Management,10.0,6.0,"Chicago, Illinois, United States",Private Equity Firm,Driehaus is an investment management firm that manages growth equity investment strategies and multi-asset alternative strategies.,https://www.driehaus.com/,driehaus.com,,,,https://www.linkedin.com/company/driehaus-capital-management,https://twitter.com/DriehausCapital?ref_src=twsrc%5Etfw,,sales@driehaus.com,(312) 587-3800,,,United States,
Mosaix Ventures,10.0,7.0,"Chicago, Illinois, United States",Private Equity Firm,Mosaix Ventures is an investment partnership focused on supporting innovative companies with exceptional potential.,http://www.mosaixventures.com,mosaixventures.com,,,,https://www.linkedin.com/company/mosaic-ventures,,,rlal@mosaixventures.com,,"Finance, Financial Services, Venture Capital",,United States,
Germin8 Ventures,9.0,,"Chicago, Illinois, United States","Micro VC, Venture Capital",Germin8 Ventures is a leading venture capital firm actively investing with domain expertise and strategic backing in FoodTech & AgTech.,http://www.germin8ventures.com,germin8ventures.com,,,,https://www.linkedin.com/company/germin8-ventures,,,hello@germin8ventures.com,,"Impact Investing, Sustainability, Venture Capital",,United States,
Veritas Investment GmbH,2.0,1.0,"Frankfurt, Hessen, Germany",Venture Capital,"Veritas Investment GmbH is a venture capital firm located in Frankfurt, Germany.",http://www.veritas-investment.de/,veritas-investment.de,,,,https://www.linkedin.com/company/veritas-investment-gmbh,,,info@veritas-investment.de,,,,Germany,
Nils Regge,2.0,,"Hamburg, Germany, Europe",Individual/Angel,"Nils is a serial entrepreneur and company builder with a long-standing passion for health and biomedicine. At Apollo, Nils brings deal makin...",,,,,,https://www.linkedin.com/in/nils-regge-62ab7a28/,,,nils@apollo.vc,,,,Germany,
Uwe Horstmann,2.0,,"Berlin, Berlin, Germany","Investment Partner, Individual/Angel","Uwe co-founded investment firm Project A Ventures ($100Mn+ fund) in 2012, where he focuses on product management, internationalization and d...",,,,,,https://www.linkedin.com/in/uwehorstmann/,,,uwe.horstmann@project-a.com,,,,Germany,
IVC Venture Capital,2.0,,"Bad Homburg, Hessen, Germany",Venture Capital,IVC Venture Capital offers early stage and expansion capital for high-growth technology companies.,http://www.ivc-venture-capital.com,ivc-venture-capital.com,,,,,,,contact@ivc-venture-capital.com,,,,Germany,
Bastian Nominacher,2.0,,"Munich, Bayern, Germany",Individual/Angel,"Co-Founder and Co-CEO Responsible for EMEA & APAC, global operations, finance, HR and the overall direction for Celonis.",,,,,,https://www.linkedin.com/in/bastian-nominacher-82ba94b8/,,,b.nominacher@celonis.com,,,,Germany,
DIVEdigital,2.0,,"Munich, Bayern, Germany",Venture Capital,DIVEdigital is a small investment boutique which concentrates on Israeli high tech Start-Ups.,https://www.divedigital.de,divedigital.de,,,,https://www.linkedin.com/company/divedigital-gmbh,,,contact@divedigital.de,+49(0)89 89069100,"Artificial Intelligence, Machine Learning, Manufacturing, Predictive Analytics, Robotics, Sensor",,Germany,
Marcus Mosen,2.0,,"Cologne, Nordrhein-Westfalen, Germany","Investment Partner, Individual/Angel",Marcus Mosen,,,,,,http://linkedin.com/in/marcus-w-mosen-295887,,,marcus@mwmosen.com,,,,Germany,
Acton Capital,99.0,31.0,"Munich, Bayern, Germany",Venture Capital,"Acton Capital is a leading growth venture capital investor in tech-enabled business models, headquartered in Munich, Germany.",http://www.actoncapital.com,actoncapital.com,,,,http://www.linkedin.com/company/acton-capital-partners,https://twitter.com/ActonCapital,,info@actoncapital.com,+49 89 24218870,"Artificial Intelligence, E-Commerce, E-Commerce Platforms, E-Learning, FinTech, Health Care, Marketplace, SaaS, Venture Capital",,Germany,
Voltage Ventures,2.0,,"Berlin, Berlin, Germany",Venture Capital,Voltage Ventures is a venture capital firm in Berlin with extensive expertise in building global B2B and B2C technology companies.,http://voltage.vc/,voltage.vc,,,,,,,info@voltage.vc,,"Finance, Financial Services, FinTech",,Germany,
White Owl Capital,2.0,,"Berlin, Berlin, Germany","Micro VC, Venture Capital",White Owl Capital is an international investment and specialised fund and asset management group with longstanding capabilities in the,http://www.whiteowl.de,whiteowl.de,,,,,,,kontakt@whiteowl.de,,,,Germany,
eCAPITAL ENTREPRENEURIAL PARTNERS,86.0,16.0,"M√Љnster, Nordrhein-Westfalen, Germany","Micro VC, Venture Capital",eCAPITAL is a venture capital firm that provides early to growth stage funding to technology companies.,https://ecapital.vc/,ecapital.vc,,,,https://www.linkedin.com/company/ecapital-entrepreneurial-partners-ag/,,,info@ecapital.de,+49 (0)251 703767-0,"Business Development, Financial Services, Venture Capital",,Germany,
BayBG,76.0,8.0,"Munich, Bayern, Germany",Venture Capital,"BayBG is an equity investor in Munich, GER. BayBG invests in Bavarian SME as well as startups using both equity and mezzanine capital.",https://www.baybg.de/,baybg.de,,,,https://www.linkedin.com/company/baybg/about/,,,info@baybg.de,089 122280-100,"Finance, Financial Services, Manufacturing, Venture Capital",,Germany,
MIG,66.0,9.0,"Munich, Bayern, Germany",Venture Capital,"MIG is a leading German VC investor, focussed on early to mid-stage technology and life science companies.",http://www.mig.ag/en/,mig.ag,,,,,,,info@mig.ag,,"Finance, Financial Services, Venture Capital",,Germany,
SevenVentures,41.0,13.0,"Unterf√ґhring, Bayern, Germany",Corporate Venture Capital,SevenVentures focuses on a flexible investment approach including cash investments for minority interests and media partnerships.,https://www.sevenventures.de/,sevenventures.de,,https://www.facebook.com/SevenVenturesPitchDay/?ref=aymt_homepage_panel,,https://www.linkedin.com/company/10262962,https://twitter.com/SevenVentures,,info@sevenventures.de,+49 (0) 89/95 07 - 8699,"News, Publishing, Venture Capital",,Germany,
Momeni Digital Ventures,2.0,,"Hamburg, Hamburg, Germany",Venture Capital,Momeni Digital Ventures is an PropTech investment firm.,https://momeni-group.com/en/,momeni-group.com,,,,https://www.linkedin.com/company/42433495,,,digitalventures@momeni-group.com,,,,Germany,
CVM Capital,2.0,1.0,"Dortmund, Nordrhein-Westfalen, Germany",Venture Capital,CVM Capital is a management consultancy which has focused its activities to the requirements of small and medium-sized enterprises.,https://www.cvm-gmbh.de/,cvm-gmbh.de,,,,,,,info@cvm-gmbh.de,,,,Germany,
SIB Innovations- und Beteiligungsgesellschaft,2.0,1.0,"Dresden, Sachsen, Germany","Private Equity Firm, Venture Capital",SIB is a investment company that provides its clients with equity financing solutions and services.,http://www.sib-dresden.de,sib-dresden.de,,,,https://www.linkedin.com/company/sib-innovations--und-beteiligungsgesellschaft-mbh/,,,info@sib-dresden.de,4935184742810,"Information Technology, Manufacturing, Software, Venture Capital",,Germany,
MAS Angel Fund,2.0,1.0,"Berlin, Berlin, Germany",Angel Group,MAS Angel Fund is an angel investment group specialized in early stage investments.,http://angelfund.vc,angelfund.vc,,http://facebook.com/makeastartup,,https://www.linkedin.com/company/angelfund-vc/about/,https://twitter.com/makeastartup,,we@angelfund.vc,491739751021,"Angel Investment, Finance, Venture Capital",,Germany,
DigitalRain,2.0,,"Berlin, Berlin, Germany",Angel Group,"Digital Rain identifies ambitious and talented online companies in search of capital, business connections, and expert guidance.",https://digitalrain.de/,digitalrain.de,,,,,,,info@digitalrain.de,,,,Germany,
Eran Davidson,2.0,1.0,"Berlin, Berlin, Germany","Investment Partner, Individual/Angel","Eran Davidson founded Davidson Technology Growth Debt fund in 2014. Eran has 20 years of venture capital experience, raised and managed 6 fu...",,,,,,https://www.linkedin.com/in/eran-davidson-65b21187/,,,eran@davidson-capital.com,,,,Germany,
Engelhardt Kaupp Kiefer,2.0,,"Stuttgart, Baden-Wurttemberg, Germany",Angel Group,"Engelhardt Kaupp Kiefer is a private equity firm based in Stuttgart, Germany.",http://www.ekkub.de/,ekkub.de,,,,,,,info@ekkub.de,4970312040580,"Finance, Financial Services, Information Technology",,Germany,
Ryan Hood,2.0,,"Cologne, Nordrhein-Westfalen, Germany",Individual/Angel,Ryan Hood - CEO @ hood.de,,,,,,,,,ryan@ryanhood.com,,,,Germany,
Andrea Anderheggen,2.0,,"Butzbach, Hessen, Germany",Individual/Angel,"Andrea, born in 1977, is CEO and founder of Shopgate. Before fully joining his Shopgate team in 2011 Andrea has been a co-founder and COO of...",,,,,,https://www.linkedin.com/in/andreaanderheggen,,,andrea@salesgrowth.io,,,,Germany,
HMW Innovations AG,2.0,,"Pullach Im Isartal, Bayern, Germany",Venture Capital,HMW Innovations AG is a German investment company focused on the medical technology and biotechnology markets.,http://www.alfred-wieder.ag,alfred-wieder.ag,,,,,,,info@hmw.ag,,,,Germany,
Felix Heberle,2.0,1.0,"Munich, Bayern, Germany",Individual/Angel,"Felix is an entrepreneur and networker at heart. Since founding his first two start-ups while studying at university, Felix has worked at le...",,,,,,http://de.linkedin.com/in/felixheberle,,,heberle_felix@germanamericanconference.org,,,,Germany,
Senovo,39.0,2.0,"Munich, Bayern, Germany",Venture Capital,Senovo focuses on early stage B2B SaaS investments.,https://senovo.vc/,senovo.vc,,,,https://www.linkedin.com/company/senovo-gmbh,https://twitter.com/markusgrundmann,,info@senovo.vc,+49 89 41 61 76 250,"Finance, Financial Services, SaaS, Venture Capital",,Germany,
Enjoyventure Management,39.0,2.0,"Düsseldorf, Nordrhein-Westfalen, Germany","Entrepreneurship Program, Private Equity Firm, Venture Capital",The EnjoyVenture Management is a private equity company that focuses its investments on the seed and early-stage companies.,http://enjoyventure.vc/,enjoyventure.vc,,https://https://www.facebook.com/EnjoyVenture-111695418889711fa,,https://www.linkedin.com/company/enjoyventure-management-gmbh/,https://twitter.com/enjoyventure_vc,,office@enjoyventure.de,+49 211 239 551 - 70,"Finance, Financial Services, Venture Capital",,Germany,
DvH Ventures,32.0,3.0,"Köln, Nordrhein-Westfalen, Germany",Venture Capital,DvH Ventures is a early-stage investors in Germany.,http://dvhventures.de/,dvhventures.de,,,,https://www.linkedin.com/company/dieter-von-holtzbrinck-ventures-gmbh/,,,deals@dvhventures.de,492219331610,"Digital Media, FinTech, Venture Capital",,Germany,
United Prototype,2.0,1.0,"Cologne, Nordrhein-Westfalen, Germany",Venture Capital,United Prototype is an website creator and content developer for large businesses.,https://unitedprototype.com/,unitedprototype.com,,,,,,,info@unitedprototype.com,4922116539445,"Gaming, Incubators, Information Services, Information Technology, Social",,Germany,
SHS Gesellschaft fur Beteiligungsmanagement,31.0,1.0,"T√Љbingen, Baden-Wurttemberg, Germany",Venture Capital,SHS is an independent private equity company focus on investments in the MedTech and Life Sciences sectors.,https://www.shs-capital.eu/,shs-capital.eu,,,,http://www.linkedin.com/company/shs-gesellschaft-fuer-beteiligungsmanagement-mbh,,,tuebingen@shs-capital.eu,49707191690,"Analytics, Finance, Financial Services, Venture Capital",,Germany,
Global Life Science Ventures,30.0,13.0,"Munich, Bayern, Germany",Venture Capital,Global Life Science Ventures is a swiss investment fund focusing exclusively on the life sciences sector.,http://www.global-life-science-ventures.com/,global-life-science-ventures.com,,,,,,,mailbox@glsv-vc.com,,"Financial Services, Life Science, Venture Capital",,Germany,
Verena Pausder,2.0,1.0,"Berlin, Berlin, Germany",Individual/Angel,Verena Pausder,,,,,,https://www.linkedin.com/in/verenapausder,,,v.pausder@btov.vc,,,,Germany,
Michael Schmitt,2.0,,"Berlin, Berlin, Germany",Individual/Angel,"Michael studied Computer Science at TU Munich and UC Santa Barbara. The dot-com bubble caused him not to finish his Ph.D., but he has come t...",,,,,,https://www.linkedin.com/in/michaelschmitt1024/,,,michael@parrysoundmike.com,,,,Germany,
Global Chance Fund,2.0,,"Landshut, Bayern, Germany",Venture Capital,The Global Fund chance in promising innovative enterprises - and get the chance of above-average returns at above-average risk.,https://global-chance-fund.de/,global-chance-fund.de,,,,,,,info@global-chance-fund.de,+49 (0) 871 205 409 30,,,Germany,
Kazim Bahar,2.0,,"Frankfurt, Hessen, Germany",Individual/Angel,"Kazim is an entrepreneur and CEO. Previously, he has more than 25 years of experience and has worked as senior solution architect in numerou...",http://www.devtrend.de,devtrend.de,,,,https://www.linkedin.com/in/kazimbahar/,https://twitter.com/developa,,kazim.bahar@devtrend.de,,,,Germany,
BayTech Venture Capital,28.0,9.0,"Munich, Bayern, Germany",Venture Capital,BayTech Venture Capital is a European Venture Capital firm.,http://www.baytechventurecapital.de,baytechventurecapital.de,,,,,,,munich@baytechventure.com,+49-(0)89-287 009-0,"Mobile, Venture Capital, Wireless",,Germany,
Peter Dietrich,2.0,,"Berlin, Berlin, Germany",Individual/Angel,The lawyer Peter Dietrich worked as a headhunter at Kienbaum and Heidrick & Struggles before he became Sales Director for Enterprise Finance...,,,,,,,,,peter@peterdietrich.tv,,,,Germany,
Holtzbrinck Digital,27.0,3.0,"Munich, Bayern, Germany",Corporate Venture Capital,"Holtzbrinck Digital investment focus is on digital businesses in the fields of Science, Education, Content and Health.",https://www.holtzbrinck-digital.com/,holtzbrinck-digital.com,,,,https://www.linkedin.com/company/holtzbrinck-digital-gmbh/about/,,,stefanie.salomon@holtzbrinck.com,+49 (0)711-2150 228,"Content, Education, Health Care",,Germany,
Christian Reitberger,2.0,,"Munich, Bayern, Germany","Investment Partner, Individual/Angel",Christian Reitberger has worked with btov since 2008 вАУ initially as a Member of the Investorenkreis and a lead investor on numerous deep tec...,,,,,,http://www.linkedin.com/in/christianreitberger,,,christian.reitberger@btov.vc,,,,Germany,
Sympasis Innovation Capital,2.0,,"Ettlingen, Baden-Wurttemberg, Germany",Angel Group,Sympasis Innovation Capital was a venture capital firm that preferred to invest in companies.,http://www.sympasis.com,sympasis.com,,,,,,,info@sympasis.com,,,,Germany,
Oliver Hehl,2.0,,"Walldorf, Baden-Wurttemberg, Germany",Individual/Angel,Oliver Hehl,https://ahanya.vc,ahanya.vc,,,,https://www.linkedin.com/in/oliver-hehl/,,,oliver.hehl@ahanya.vc,,,,Germany,
Allianz X,26.0,4.0,"Munich, Bayern, Germany",Corporate Venture Capital,Allianz X is the digital investment unit of the Allianz Group that invests in digital growth companies related to insurance.,https://www.allianzx.com/,allianzx.com,,,,https://www.linkedin.com/company/allianzx,,,allianzx@allianz.com,8976996340,"Banking, Information Technology, Venture Capital",,Germany,
Yabeo Capital,25.0,1.0,"Grünwald, Bayern, Germany",Venture Capital,Yabeo Capital focuses on financial purposes and internet related business.,http://yabeo.de/en/home/,yabeo.de,,,,https://www.linkedin.com/company/yabeo/,,,info@yabeo.de,+49 89/69804221,Venture Capital,,Germany,
Holger Hengstler,2.0,1.0,"Munich, Bayern, Germany",Individual/Angel,Holger Hengstler - Member of the Board @ Wine in Black,,,,,,https://de.linkedin.com/in/holger-hengstler-675a9658/en,,,holger@btov.vc,,,,Germany,
Sven Kirkerup,2.0,,"Hamburg, Hamburg, Germany",Individual/Angel,Sven Kirkerup - Investor @ Labstep,,,,,,https://www.linkedin.com/in/svenkirkerup/,,,sven@kirkerup.com,,,,Germany,
Life Science Fonds Esslingen,2.0,,"Esslingen, Baden-Wurttemberg, Germany",Venture Capital,Life Science Fonds Esslingen was an investment firm in the healthcare and life science sectors.,"http://www.esslingen.de/,Lde/start/es_themen/Life+Science+Fonds.html",esslingen.de,,,,,,,kommunikation@esslingen.de,,,,Germany,
Golden Equator Ventures,14.0,4.0,"Singapore, Central Region, Singapore",Venture Capital,Golden Equator Ventures is a Singapore-based venture capital firm that invests in high-growth technology companies in Southeast Asia.,,,,,,https://www.linkedin.com/company/golden-equator-ventures/,,,vc@goldenequator.com,6568878124,"Financial Services, Venture Capital",,Singapore,
Red Dot Ventures,14.0,1.0,"Singapore, Central Region, Singapore","Micro VC, Venture Capital","Red Dot Ventures is a venture capital firm investing in Singapore-based, seed stage high-tech startups.",http://www.reddotventures.com,reddotventures.com,,,,https://www.linkedin.com/company/red-dot-ventures-pte-ltd?report%2Esuccess=KJ_KkFGTDCfMt-A7wV3Fn9Yvgwr02Kd6AZHGx4bQCDiP6-2rfP2oxyVoEQiPrcAQ7Bf,,,charlie@reddotventures.com,6566352227,"Finance, Incubators, Venture Capital",,Singapore,
Atlas Ventures,14.0,1.0,"Singapore, Central Region, Singapore",Venture Capital,Atlas Ventures is an early stage VC fund,https://atlas.ventures/,atlas.ventures,,,,https://www.linkedin.com/company/atlas-ventures,https://twitter.com/AtlasVC,,contact@atlas.ventures,,,,Singapore,
Innosight Ventures,14.0,4.0,"Singapore, Central Region, Singapore",Venture Capital,Innosight Ventures leverages more than 20 years of applied research by innovation thought leaders like Clayton Christensen and field work,http://www.innosightventures.com,innosightventures.com,,,,,,,info-sg@innosight.com,+65 6884-9375,"E-Commerce, Financial Services, Venture Capital",,Singapore,
United Overseas Bank,13.0,4.0,"Singapore, Central Region, Singapore",Venture Debt,United Overseas Bank is a bank in China that caters to SMEs with financial services.,http://www.uobgroup.com/,uobgroup.com,,,,https://www.linkedin.com/company/uob/,,,customer.service@uobgroup.com,,"Banking, Finance, Financial Services",,Singapore,
Capikris Foundation,13.0,,"Singapore, Central Region, Singapore","Angel Group, Family Investment Office","Experienced Investor in seed, pre-series A, series A and follow on stages; global, scalable and relevant technologies",,,,,,,,,capikrisfoundation@gmail.com,,"Analytics, Angel Investment, Impact Investing, Internet, Medical, Quantum Computing",,Singapore,
TRIVE,13.0,,"Singapore, Central Region, Singapore",Micro VC,TRIVE is a venture capital firm that invest in technology startups.,https://www.trive.vc/,trive.vc,,https://www.facebook.com/TRIVE.VC/,,https://www.linkedin.com/company/trivevc/,,,enquiries@trive.vc,6567782294,"Analytics, Artificial Intelligence, Business Intelligence, Internet, Machine Learning, Venture Capital",,Singapore,
Get2Volume,13.0,1.0,"Singapore, Central Region, Singapore",Venture Capital,"Capabilities, capital and connections for Midwest and Singapore B2B technology companies",http://www.get2volume.com,get2volume.com,,,,https://www.linkedin.com/company/get2volume/about/,,,info@get2volume.com,,"Financial Services, FinTech, Venture Capital",,Singapore,
Azione Capital Pte Ltd,13.0,,"Singapore, Central Region, Singapore",Venture Capital,Azione Capital Pte Ltd is a seed stage venture capital investment company with its startup business incubator physically headquartered in,https://azionecapital.com/,azionecapital.com,,,,https://www.linkedin.com/company/azione-capital-pte-ltd,,,startup@azionecapital.com,,"Financial Services, FinTech, Venture Capital",,Singapore,
OCBC Bank of Singapore,12.0,6.0,"Singapore, Central Region, Singapore",Private Equity Firm,"OCBC Bank of Singapore provides its clients with various financial services, ranging from transaction banking to stockbroking services.",https://www.ocbc.com/group/gateway,ocbc.com,,https://www.facebook.com/ocbcbank,,https://www.linkedin.com/company-beta/165277/,https://www.twitter.com/ocbcbank,,ContactUs@ocbc.com,,"Banking, Financial Services",,Singapore,
IncuVest,12.0,1.0,"Singapore, Central Region, Singapore","Angel Group, Venture Capital",IncuVest is a Singapore-based early and growth-stage tech investment platform,https://www.incuvestasia.com/,incuvestasia.com,,,,http://www.linkedin.com/company/incuvest-pte-ltd,,,ron@incuvestasia.com,6564932468,"Advanced Materials, Artificial Intelligence, Augmented Reality, Internet of Things, Machine Learning, Medical Device, Semiconductor, Venture Capital",,Singapore,
Pix Vine Capital,12.0,2.0,"Singapore, Central Region, Singapore",Corporate Venture Capital,"Pix Vine Capital is a Singaporean early-stage venture capital firm that seeks to invest in infotech, medtech, and fintech.",https://www.pixvc.com/,pixvc.com,,,,https://www.linkedin.com/company/pix-vine-capital/,https://twitter.com/PixVC,,contact@pixvc.com,6565594640,"Angel Investment, Finance, Financial Services, Impact Investing, Venture Capital",,Singapore,
Expara Thailand,12.0,1.0,"Singapore, Central Region, Singapore",Venture Capital,Expara Thailand is a venture capital providing both investment and services to the enterprise ecosystem.,https://www.expara.com/,expara.com,,https://www.facebook.com/groups/CLASExparaAccelerator,https://www.instagram.com/exparavc/,,https://twitter.com/ExparaAsia,,exparathaifund@expara.com,,"Financial Services, FinTech, Government, Venture Capital",,Singapore,
Iterative,11.0,,"Singapore, Central Region, Singapore","Accelerator, Venture Capital",Iterative is an accelerator focused exclusively on Southeast Asia.,https://iterative.vc/,iterative.vc,,,,https://linkedin.com/in/iterative-capital,,,hello@iterative.vc,,,,Singapore,
500 Durians,11.0,,"Singapore, Central Region, Singapore",Venture Capital,"500 Durians is a venture capital firm that helps entrepreneur create successful companies at scale, and build thriving global ecosystems. ",https://durians.500.co/,durians.500.co,,,,https://www.linkedin.com/company/500-durians/,,,durians@500startups.com,,"Finance, Financial Services, FinTech, Venture Capital",,Singapore,
Govin Capital Pte Ltd,11.0,1.0,"Singapore, Central Region, Singapore",Venture Capital,Govin capital is an venture company that aims to add value to innovative Startups by mking investments with access to mentors & markets,http://www.govincapital.com/,govincapital.com,,,,http://linkedin.com/in/anand-govindaluri-60047,,,anand@govincapital.com,6566595946,"Artificial Intelligence, Biotechnology, Education, Health Care, Health Diagnostics, Health Insurance, Information Technology, Medical, Venture Capital",,Singapore,
"Rakuten Accelerator, Powered by Techstars",10.0,1.0,"Singapore, Central Region, Singapore",Accelerator,"Rakuten Accelerator, Powered by Techstars is a mentorship-driven accelerator.",https://www.techstars.com/,techstars.com,,https://www.facebook.com/techstars,https://www.instagram.com/techstars/,,https://twitter.com/techstars,,press@techstars.com,,"Business Development, Financial Services, Messaging, Social Network",,Singapore,
HH Investments VC,9.0,,"Singapore, Central Region, Singapore","Family Investment Office, Venture Capital",Venture Capital firm with focus on early stage technology ventures that solve meaningful problems.,,,,,,https://www.linkedin.com/company/hh-investments-vc,,,info@hhinvestments.vc,,,,Singapore,
Tembusu Partners,9.0,1.0,"Singapore, Central Region, Singapore",Private Equity Firm,Tembusu Partners is a Singapore-based private equity firm focused on investments in growth stage companies.,http://www.tembusupartners.com/en/index.php,tembusupartners.com,,,,https://www.linkedin.com/company/tembusu-partners/,,,enquiry@tembusupartners.com,,"Finance, Financial Services, Impact Investing",,Singapore,
LVP,63.0,10.0,"London, England, United Kingdom",Micro VC,London Venture Partners is a seed fund that focuses on the game ecosystem.,https://londonvp.com/,londonvp.com,,https://www.facebook.com/LondonVP/,,http://www.linkedin.com/company/london-venture-partners,,,info@londonvp.com,,"Augmented Reality, Gaming, Information Technology, Venture Capital, Virtual Reality",,United Kingdom,
Bridges Fund Management,63.0,10.0,"London, England, United Kingdom",Private Equity Firm,Bridges Fund Management is a specialist fund manager dedicated to sustainable and impact investment.,https://www.bridgesfundmanagement.com/,bridgesfundmanagement.com,,,,https://www.linkedin.com/company/bridgesfundmanagement/,https://twitter.com/bridgesfundmgmt,,info@bridgesfundmanagement.com,+44 (0) 20 3780 8000,"Finance, Financial Services, Venture Capital",,United Kingdom,
European Bank for Reconstruction and Development,60.0,11.0,"London, England, United Kingdom","Government Office, Investment Bank",European Bank for Reconstruction and Development is an investing firm.,https://www.ebrd.com/home,ebrd.com,,http://www.facebook.com/ebrdhq,https://www.instagram.com/ebrd_official/,https://www.linkedin.com/company/ebrd,http://www.twitter.com/ebrd,,info@ebrd.com,+44 20 7338 6000,"Banking, Finance, Venture Capital",,United Kingdom,
PROfounders Capital,55.0,14.0,"London, England, United Kingdom",Micro VC,PROfounders Capital is an early-stage VC backed by successful entrepreneurs and focused on investing in technology start-ups across Europe.,https://www.profounderscapital.com/,profounderscapital.com,,,,https://www.linkedin.com/company/profounders-capital/,https://twitter.com/profounders?lang=en,,contact@profounderscapital.com,44 20 7766 6900,"Finance, Venture Capital",,United Kingdom,
European Union,54.0,3.0,"London, England, United Kingdom",Government Office,"European Union provides access to information published by all EU institutions, agencies and bodies.",http://europa.eu,europa.eu,,,,https://www.linkedin.com/company/european-union,,,face4eu@gmail.com,00 800 6 7 8 9 10 11,"Education, Government, Information Services",,United Kingdom,
Vitruvian Partners,50.0,14.0,"London, England, United Kingdom",Private Equity Firm,"Vitruvian Partners is an equity firm that specializes in middle-market buyouts, growth buyouts, and growth capital investments.",http://www.vitruvianpartners.com,vitruvianpartners.com,,,,https://www.linkedin.com/company/vitruvian-partners-llp,,,contact@vitruvianpartners.com,+44 (0) 20 7518 2800,"Finance, Financial Services, Venture Capital",,United Kingdom,
Firstminute Capital,49.0,1.0,"London, England, United Kingdom",Micro VC,"An early-stage venture fund based in London, investing globally. Backed by 30 unicorn founders and global strategics.",https://firstminute.capital/,firstminute.capital,,,,https://www.linkedin.com/company/firstminutecap/,https://twitter.com/firstminutecap,,team@firstminute.capital,+44 (0)20 3905 5854,"Finance, Financial Services, Venture Capital",,United Kingdom,
Generation Investment Management,48.0,11.0,"London, England, United Kingdom",Private Equity Firm,Generation Investment Management is a private equity firm focused on integrated sustainability research and client alignment.,http://www.generationim.com,generationim.com,,,,https://www.linkedin.com/company/generation-investment-management/,,,genfound@generationim.com,+44 (0) 207 534 4700,"Finance, Financial Services, FinTech, Social, Sustainability, Venture Capital",,United Kingdom,
Calculus Capital,48.0,8.0,"London, England, United Kingdom",Private Equity Firm,Calculus Capital creates and manages tax efficient private equity funds for individuals.,https://www.calculuscapital.com/,calculuscapital.com,,,,https://www.linkedin.com/company/3079586,https://twitter.com/calculuscapital,,info@calculuscapital.com,2074934940,"Finance, Financial Services, Venture Capital",,United Kingdom,
Virgin Group,46.0,9.0,"London, England, United Kingdom",Private Equity Firm,"Virgin Group is an investment company focused on leisure, travel, tourism, mobile, broadband, TV, radio, music, finance, and health sectors.",https://www.virgin.com/about-virgin/virgin-group,virgin.com,,https://www.facebook.com/virgin,https://instagram.com/virgin,https://www.linkedin.com/company/virgin,https://twitter.com/virgin,,contactus@virgin.com,449892015729,"Financial Services, Venture Capital",,United Kingdom,
Imperial Create Lab,46.0,3.0,"London, England, United Kingdom","Incubator, University Program","Imperial Create Lab brings together the innovators, makers and game-changers to hack, learn and build things that matter.",https://www.imperialcollegeunion.org/activities/imperial-create-lab,imperialcollegeunion.org,,,,,,,hello@imperialcreatelab.com,,"Communities, Incubators, Innovation Management",,United Kingdom,
BOOST&Co,43.0,7.0,"London, England, United Kingdom",Venture Debt,BOOST&Co provides debt solutions to innovative SMEs in Europe.,https://boostandco.com/,boostandco.com,,https://www.facebook.com/BOOSTandco,,https://www.linkedin.com/company/boost&co,https://twitter.com/boostandco,,info@boostandco.com,+44 207 651 49 34,"Finance, Financial Services, Venture Capital",,United Kingdom,
Zouk Capital,40.0,13.0,"London, England, United Kingdom",Private Equity Firm,Zouk Capital is an independent London-based private equity fund manager investing in companies that advance resource efficiency.,https://www.zouk.com/,zouk.com,,,,https://www.linkedin.com/company/zouk-capital,,,info@zouk.com,+44 20 7947 3400,"Finance, Financial Services, Venture Capital",,United Kingdom,
Hg,40.0,19.0,"London, England, United Kingdom",Private Equity Firm,"Hg aim is to partner with great businesses across the technology and, services space.",http://www.hgcapital.com,hgcapital.com,,,,https://www.linkedin.com/company/hgcapital/,,,info@hgcapital.com,+44 (0)20 7089 7888,"Finance, Financial Services, Venture Capital",,United Kingdom,
GSMA Ecosystem Accelerator,36.0,,"London, England, United Kingdom",Entrepreneurship Program,GSMA Ecosystem Accelerator builds synergies between start-ups and mobile operators to scale mobile services in emerging markets.,https://www.gsma.com/mobilefordevelopment/ecosystem-accelerator/,gsma.com,,,,https://www.linkedin.com/groups/4476906/profile,https://twitter.com/GSMAm4d,,info@gsma.com,,"Information Services, Innovation Management, Mobile",,United Kingdom,
Janus Henderson Investors,34.0,21.0,"London, England, United Kingdom",Private Equity Firm,Janus Henderson Investors is an asset manager that helps clients achieve their financial goals.,https://www.janushenderson.com/en/row/documents/,janushenderson.com,,,,https://www.linkedin.com/company/janus-henderson-us,,,support@janushenderson.com,+44 (0)20 7818 1818,"Asset Management, Finance, Financial Services",,United Kingdom,
Nesta Impact Investments,32.0,2.0,"London, England, United Kingdom",Micro VC,"Nesta Impact Investments are investing in start-up and early stage technology, education and media companies.",https://nestainvestments.org.uk,nestainvestments.org.uk,,,,https://www.linkedin.com/company/nesta-investment-management-llp,https://twitter.com/nestaimpact,,impactinvesting@nesta.org.uk,,"Finance, Financial Services",,United Kingdom,
Helios Investment Partners,31.0,7.0,"London, England, United Kingdom",Private Equity Firm,Helios Investment Partners LLP is a private equity and venture capital firm.,http://heliosinvestment.com,heliosinvestment.com,,,,https://www.linkedin.com/company/helios-investment-partners,,,info@heliosllp.com,+44 207 484-7700,"Finance, Financial Services, Venture Capital",,United Kingdom,
Alpina Partners,31.0,5.0,"London, England, United Kingdom",Private Equity Firm,Alpina Partners is an independent private equity firm which invests in European technology companies.,http://www.alpinapartners.com/,alpinapartners.com,,,,https://www.linkedin.com/company/alpina-partners,,,info@alpinapartners.com,+44 (0) 20 37619680,"Finance, Financial Services, Venture Capital",,United Kingdom,
50 Partners,48.0,2.0,"Paris, Ile-de-France, France",Accelerator,"50 Partners is a French accelerator providing IT startups with mentoring, financing, and office space in central Paris.",http://www.50partners.fr,50partners.fr,,,,http://www.linkedin.com/company/5024472,,,contact@50partners.fr,,"Finance, Incubators, Venture Capital",,France,
Societe Generale Asset Management,46.0,19.0,"Paris, Ile-de-France, France","Investment Bank, Private Equity Firm","Societe Generale Asset Management, a French multinational banking and financial services firm, offers investment solutions for its clients.",https://www.like-follower.com/acheter-des-followers-twitter-achat-follower-avec-paypal.php,sgam-ai.com,,,,https://www.linkedin.com/company/societe-generale-asset-management/about/,,,hedgefunds@sgam.com,,Financial Services,,France,
BOOST Programs,46.0,4.0,"Paris, Ile-de-France, France",Accelerator,Acceleration program for business focused startups.,https://boost.atelier.bnpparibas,boost.atelier.bnpparibas,,,,,,,boost-programs@mail.atelier.net,,,,France,
KREAXI,43.0,7.0,"Limonest, Rhone-Alpes, France",Micro VC,KREAXI is a financial partner for companies starting in Rhone-Alpes which helps to overcome capital investment shortcomings.,http://www.kreaxi.com,kreaxi.com,,,,https://www.linkedin.com/company/kreaxi/?viewAsMember=true,,,contact@kreaxi.com,+33 4 72 52 39 39,Venture Capital,,France,
Amundi Private Equity Funds,40.0,12.0,"Paris, Ile-de-France, France",Private Equity Firm,"Amundi Private Equity Funds, an Amundi asset management subsidiary, specialises in private equity and unlisted infrastructure investments.",http://www.amundi.com,amundi.com,,,,http://www.linkedin.com/company/732914,,,contact-pef@amundi.com,,"Finance, Financial Services, Venture Capital",,France,
Truffle Capital,38.0,15.0,"Paris, Ile-de-France, France",Private Equity Firm,Truffle Capital is an independent European private equity firm originally set up for investing in technology spin-offs.,https://www.truffle.com/,truffle.com,,https://fr-fr.facebook.com/trufflecapital/,,https://www.linkedin.com/company/truffle-capital,https://twitter.com/trufflecapital,,contact@truffle.com,+33 1 82 28 46 00,"Finance, Financial Services, Venture Capital",,France,
eFounders,36.0,5.0,"Paris, Ile-de-France, France",Incubator,We build the future of work,https://www.efounders.com/,efounders.com,,,,https://www.linkedin.com/company/efounders/,,,contact@efounders.co,,"B2B, Enterprise Software, SaaS",,France,
IDIA Capital Investissement,32.0,5.0,"Paris, Ile-de-France, France",Private Equity Firm,IDIA Capital Investissement is a private equity arm of Cr√©dit Agricole Capital Investissement.,https://www.tiredeets.com/,tiredeets.com,,,,https://www.linkedin.com/company/idia-capital-investissement,,,contact@ca-idia.com,+33 (0)1 43 23 24 24,Venture Capital,,France,
Krinova,,,"Kristianstad, Skane Lan, Sweden",Incubator,"Krinova, an incubator and science park, offers meeting spaces, arranges tailor-made conferences, and promotes innovations and development.",https://www.krinova.se/,krinova.se,,https://www.facebook.com/Krinova,https://www.instagram.com/krinova_park/,https://me.linkedin.com/company/krinova-science-park,,,info@krinova.se,,Incubators,,Sweden,
Mimir Capital,,,"Stockholm, Stockholms Lan, Sweden",Private Equity Firm,Mimir Capital is a private investment firm providing customized solutions,http://mimirinvest.com/,mimirinvest.com,,,,https://www.linkedin.com/company/mimir-capital,,,contact@mimirinvest.com,,Angel Investment,,Sweden,
Chi Impact Capital,,,"Zurich, Zurich, Switzerland",Venture Capital,Chi Impact Capital is a fully independent and dedicated Swiss based impact investment management firm.,http://chi-impact.com/,chi-impact.com,,,,https://www.linkedin.com/company/chi-impact-capital,,,info@chi-impact.com,,"Impact Investing, Venture Capital",,Switzerland,
Aktieinvest,,,"Stockholm, Stockholms Lan, Sweden",Fund Of Funds,"Aktieinvest is a provider of investment savings account, children saving account, and other investment schemes.",https://www.aktieinvest.se/,aktieinvest.se,,,,,,,kundservice@aktieinvest.se,,,,Sweden,
swissminds AG,,,"D√Љdingen, Fribourg, Switzerland",Venture Capital,"Swissminds specializes in high-tech startups not only with capital, but also with hands-on consultation and experience from entrepreneurs.",https://www.swissminds.com,swissminds.com,,,,https://www.linkedin.com/company-beta/3259334/,,,info@swissminds.com,41844988988,"Advice, Business Development, Enterprise, Finance, Management Consulting, Venture Capital",,Switzerland,
Transferator,,,"Stockholm, Stockholms Lan, Sweden",Private Equity Firm,"Transferator AB is private equity firm which seeks to acquire minority stakes in promising growth companies, private as well as listed.",http://www.transferator.se,transferator.se,,,,,,,info@transferator.com,,,,Sweden,
Erik Penser Bankaktiebolag,,,"Stockholm, Stockholms Lan, Sweden",Investment Bank,"Erik Penser BankaktiebolagвАЩs mission is to create value for our clients. Our services include investment management services, equity",http://www.penser.se,penser.se,,,,https://www.linkedin.com/company/erik-penser-bankaktiebolag,,,eid-login@cgi.com,,,,Sweden,
Venture Cup,,,"Stockholm, Stockholms Lan, Sweden",Startup Competition,Venture Cup is the largest competition for those looking to develop their business idea and start a business.,http://www.venturecup.se/en/home/,venturecup.se,,https://www.facebook.com/VentureCupSweden,https://www.instagram.com/venturecupsverige/,http://www.linkedin.com/company/venture-cup-sverige,,,info@venturecup.se,,Non Profit,,Sweden,
Framtidens F√ґretag,,,"Gothenburg, Vastra Gotaland, Sweden",Incubator,Framtidens F√ґretag(Future Enterprises) is a business incubator.,https://framtidensforetag.se/,framtidensforetag.se,,,,https://www.linkedin.com/company/633875,,,info@framtidensforetag.se,-136896,,,Sweden,
Mannerheim Invest,,,"Stockholm, Stockholms Lan, Sweden",Private Equity Firm,Mannerheim Invest focuses on energy technologies and services plus a non-branch specific portfolio of venture capital investments.,http://www.mannerheim.se,mannerheim.se,,,,,,,invest@mannerheim.se,,,,Sweden,
Connecting Capital,,,"Stockholm, Stockholms Lan, Sweden",Private Equity Firm,Connecting Capital is an investment company that conducts operations in the form of a limited liability company.,http://www.connectingcapital.se,connectingcapital.se,,,,,,,contact@connectingcapital.se,+ 46 (0) 8 679 66 10,,,Sweden,
Bernegger Ventures,,,"Zurich, Zurich, Switzerland","Micro VC, Venture Capital","Bernegger Ventures is a venture capital firm specializing in incubation, seed/startup, emerging growth, and growth capital investments.",http://www.bernegger-ventures.com/de/,bernegger-ventures.com,,https://www.facebook.com/marcpbernegger,,https://www.linkedin.com/in/marcpbernegger,https://twitter.com/marcpbernegger,,marc@bernegger.com,,Venture Capital,,Switzerland,
VIG Startup Studio,,,"Zurich, Zurich, Switzerland","Angel Group, Venture Capital",VIG is a Pan-African start-up studio that builds innovative ventures.,https://www.vigventures.com/,vigventures.com,,,,https://www.linkedin.com/company/vigventures,,,info@vigventures.com,,,,Switzerland,
SHIFT Camp,,,"Stockholm, Stockholms Lan, Sweden",Accelerator,Shift is a unique accelerator which is built around a mentoring program for businesses working towards progressive systemic change.,https://www.stockholmresilience.org/,shifts.se,,https://www.facebook.com/stockholmresilience/,https://www.instagram.com/sthlmresilience,,https://twitter.com/sthlmresilience,,info@stockholmresilience.su.se,202100-3062,,,Sweden,
hiCenter Ventures,3.0,,"Haifa, Hefa, Israel",Accelerator,A technology and business accelerator dedicated to value creation by partnering with talented entrepreneurs with proven innovations.,https://hicenter.co.il/,hicenter.co.il,,https://www.facebook.com/hiCenter,,https://www.linkedin.com/company-beta/2530279/,,,office@hicenter.co.il,+972.73.222.3900,"Business Development, Hedge Funds, Information Technology",,,Israel
TargeTech,3.0,,"Netanya, HaMerkaz, Israel",Incubator,TargeTech is an incubator and a venture capital firm.,http://www.targetech.co.il,targetech.co.il,,,,,,,info@targetech.co.il,,"Business Development, Enterprise Software, Information Technology",,,Israel
