company_name,location,investor_type,description,domain,industries
151 Locust,"Avondale Estates, Georgia, United States",Incubator,151 Locust is a business incubator and coworking facility in Avondale Estates.,151locust.com,
Telfair Capital,"Atlanta, Georgia, United States",Venture Capital,"Telfair Capital is dedicated investing through the purchase of receivables in retail, hospitality, distribution, and retail services.",telfaircapital.com,Finance
Healey Weatherholtz Properties,"Atlanta, Georgia, United States",Private Equity Firm,HWP is a real estate development and investment management firm that invests and develops buildings for local communities.,hwproperties.com,"Real Estate, Real Estate Investment, Residential"
Pritzker Group Venture Capital,"Chicago, Illinois, United States",Venture Capital,Pritzker Group Venture Capital is a trusted partner helping entrepreneurs build market-leading technology companies,pritzkergroup.com,"Finance, Financial Services, Venture Capital"
Serra Ventures,"Champaign, Illinois, United States",Micro VC,Serra Ventures is an early stage venture capital firm investing in technology companies in emerging Midwest technology centers,serraventures.com,"Agriculture, Information Technology, Venture Capital"
Lightbank,"Chicago, Illinois, United States",Venture Capital,"Lightbank VC is a venture fund based out of Chicago investing at the earliest stage across consumer, enterprise, fin-tech and more.",lightbank.com,"EdTech, Enterprise Software, FinTech, Human Resources, Internet, Local, Marketplace, Mobile, Small and Medium Businesses"
Chicago Ventures,"Chicago, Illinois, United States",Venture Capital,"An early-stage venture capital fund, investing in exceptional entrepreneurs in the Central US.",chicagoventures.com,"Finance, Financial Services, Software, Venture Capital"
Hyde Park Venture Partners,"Chicago, Illinois, United States",Venture Capital,"Hyde Park Venture Partners (HPVP) is an early-stage venture capital firm focused on high-growth, mid-continent technology startups.",hydeparkvp.com,"Enterprise Software, Financial Services, Venture Capital"
Second Century Ventures,"Chicago, Illinois, United States","Corporate Venture Capital, Venture Capital, Venture Debt",Second Century Ventures (SCV) is a venture capital fund focused on promoting innovation in the real estate industry.,secondcenturyventures.com,"Commercial Real Estate, Financial Services, Home Services, Insurance, Property Management, Real Estate, Real Estate Investment, SaaS, Smart Home, Venture Capital"
OCA Ventures,"Chicago, Illinois, United States",Venture Capital,"OCA Ventures is a venture capital firm focused on equity investments in companies with dramatic growth potential, primarily in technology",ocaventures.com,"Angel Investment, Finance, Venture Capital"
Techstars Chicago,"Chicago, Illinois, United States",Accelerator,"Techstars Chicago conducts programs for startups to connect with investors, mentors, and entrepreneurs.",techstars.com,"Consulting, Financial Services, Venture Capital"
M25,"Chicago, Illinois, United States",Micro VC,"M25 is the most active early-stage VC firm investing in Midwest headquartered startups (14 states, 100+ companies) across various industries",m25vc.com,"Consumer, Enterprise, Enterprise Software, Finance, Health Care, Software, Venture Capital"
Promus Ventures,"Chicago, Illinois, United States",Micro VC,Investing in early-stage deep-tech software/hardware companies run by visionary and tenacious founding teams.,promusventures.com,"Aerospace, AgTech, Artificial Intelligence, FinTech, Health Care, Machine Learning, Robotics, Software, Space Travel, Venture Capital"
Jump Capital,"Chicago, Illinois, United States",Venture Capital,Jump Capital is a venture capital firm specializing in Series A & B expansion stage investments in technology and software.,jumpcap.com,"Enterprise Software, Finance, Financial Services, IT Infrastructure, Venture Capital"
Healthbox,"Chicago, Illinois, United States",Accelerator,"Healthbox is a an innovation consulting and fund management services firm, helping organization build and sustain innovation strategies.",healthbox.com,"Health Care, Incubators, Venture Capital"
Apex Venture Partners,"Chicago, Illinois, United States",Venture Capital,"Apex Venture Partners, established in 1987, has six funds and more than $600 million under management.",apexvc.com,"Finance, Information Technology, Venture Capital"
IrishAngels,"Chicago, Illinois, United States",Angel Group,IrishAngels is a Chicago-based angel investing network affiliated with the University of Notre Dame.,irishangels.com,Venture Capital
REACH,"Chicago, Illinois, United States",Accelerator,"REACH is an accelerator owned and operated by Second Century Ventures, the investment arm of the National Association of Realtors¬Ѓ.",narreach.com,"Artificial Intelligence, Commercial Real Estate, Incubators, Property Insurance, Property Management, Real Estate, Rental Property, Residential, SaaS"
Valor Equity Partners,"Chicago, Illinois, United States",Private Equity Firm,Valor Equity Partners is an operational growth investment firm focused on high growth companies across various stages of development.,valorep.com,Financial Services
Origin Ventures,"Chicago, Illinois, United States",Venture Capital,Origin Ventures is a VC firm that invests in emerging software and technology-enabled B2B and B2C marketplace businesses.,originventures.com,"Business Development, Finance, Financial Services, Venture Capital"
Comdisco Ventures,"Rosamond, Illinois, United States",Private Equity Firm,"Comdisco emerged from chapter 11 bankruptcy proceedings on August 12, 2002. The purpose of reorganized Comdisco is to sell, collect or",comdisco.com,"Finance, Financial Services, Venture Capital"
Moderne Ventures,"Chicago, Illinois, United States","Micro VC, Venture Capital","Moderne Ventures is a venture fund that invests in tech real estate, mortgage, finance, insurance, and home service companies.",moderneventures.com,"Business Development, Finance, Venture Capital"
TechNexus Venture Collaborative,"Chicago, Illinois, United States","Corporate Venture Capital, Incubator, Venture Capital",Corporate innovators. Ecosystem curators. Collaborators in a new venture model.,technexus.com,"Aerospace, Audio, Automotive, Fitness, Incubators, Internet of Things, Public Safety, Recreational Vehicles, Wellness"
MK Capital,"Northbrook, Illinois, United States",Venture Capital,MK Capital is a $250 million venture capital fund with headquarters in Chicago and offices in Los Angeles and Ann Arbor.,mkcapital.com,"Banking, Finance, Venture Capital"
Impact Engine,"Chicago, Illinois, United States","Micro VC, Private Equity Firm, Venture Capital",Impact Engine is a venture capital and private equity firm that invests financial and human capital in early-stage companies.,theimpactengine.com,"EdTech, Energy Efficiency, Enterprise Software, Health Care, Impact Investing, Information Technology"
Sandbox Industries,"Chicago, Illinois, United States","Accelerator, Venture Capital","Sandbox bridges the gap between startups and corporations in three ways: strategic venture funds, accelerators, and consulting services.",sandboxindustries.com,"Financial Services, Venture Capital"
Jumpstart Ventures,"Chicago, Illinois, United States",Micro VC,JumpStart Ventures is an investment fund built to partner with entrepreneurs solving problems that need intelligent innovation.,jumpstart.vc,"Angel Investment, E-Commerce, Enterprise Software"
Illinois Ventures,"Chicago, Illinois, United States","Government Office, Venture Capital","Illinois Ventures is a seed and early-stage technology investment firm focused on research-derived companies in information technologies,",illinoisventures.com,"Financial Services, Venture Capital"
Financial Solutions Lab,"Chicago, Illinois, United States",Accelerator,"The Financial Solutions Lab cultivates, supports and scales innovations that advance the financial health of LMI and underserved individuals",finlab.finhealthnetwork.org,"Asset Management, Finance, Financial Services, FinTech, Information Technology, Non Profit"
Lakewest Venture Partners,"Chicago, Illinois, United States",Micro VC,"Lakewest Venture Partners is a real estate and private equity company, pursuing seed and early stage investment opportunities.",lakewestinc.com,"Commercial Real Estate, Financial Services, Real Estate"
KB Partners,"Highland Park, Illinois, United States",Venture Capital,KB Partners is a suburban Chicago based investment firm focused on early stage venture capital investments.,kbpartners.com,"Finance, Financial Services, Sports, Venture Capital"
Duchossois Technology Partners,"Elmhurst, Illinois, United States",Venture Capital,"Duchossois Technology Partners (DTEC) is a venture capital firm investing in early, mid, and growth stages of high potential technology",dcmllc.com,"Finance, Impact Investing, Venture Capital"
Clean Energy Trust,"Chicago, Illinois, United States","Accelerator, Startup Competition, Venture Capital","Clean Energy Trust supports early-stage startups working on solutions for clean energy, decarbonization, and environmental sustainability.",cleanenergytrust.org,"Advanced Materials, AgTech, Clean Energy, CleanTech, Energy, Energy Efficiency, Renewable Energy, Transportation"
AbbVie Biotech Ventures,"North Chicago, Illinois, United States","Corporate Venture Capital, Venture Capital","AbbVie Biotech Ventures, an Illinois-based company, makes investments in emerging biotech and pharmaceutical companies.",abbvie.com,"Biotechnology, Financial Services, Venture Capital"
Madison Dearborn Partners,"Chicago, Illinois, United States",Private Equity Firm,MDP seeks to invest in companies in partnership with outstanding management teams and achieve significant long-term value appreciation.,mdcp.com,"Finance, Financial Services, Venture Capital"
Listen,"Chicago, Illinois, United States",Micro VC,Listen is a consumer-only venture capital firm focused on backing and building the brands of tomorrow.,listen.co,"Finance, Financial Services, Venture Capital"
Harvard Business School Angels Chicago,"Chicago, Illinois, United States",Angel Group,HBS Angels of Chicago invest in and directly support promising early stage ventures.,hbsangelschicago.com,Venture Capital
Ares Management,"Chicago, Illinois, United States",Private Equity Firm,"Ares Management is a global alternative asset manager focusing on credit, private equity, and real estate.",aresmgmt.com,"Asset Management, Credit, Financial Services"
Cultivian Sandbox Ventures,"Chicago, Illinois, United States",Venture Capital,Cultivian Sandbox is a venture capital firm focused on building next-generation disruptive agriculture and food technology companies,cultiviansbx.com,
West Capital Advisors,"Chicago, Illinois, United States",Family Investment Office,"West Capital Advisors provides full-cycle corporate innovation, venture and strategic development advisory services.",westcapadv.com,"Medical Device, Social Media, Venture Capital"
I2A Fund,"Chicago, Illinois, United States",Micro VC,I2A is a seed venture capital fund that catalyzes and partners with entrepreneurial companies in the Illinois region.,i2afund.com,"Finance, Financial Services, Venture Capital"
"Creation Investments Capital Management, LLC","Chicago, Illinois, United States",Private Equity Firm,"Creation Investments seeks to offer investors a double bottom line, maximizing financial and social returns on investment.",creationinvestments.com,"Finance, Financial Services, Insurance, Leasing, Micro Lending, Payments, Venture Capital"
New Stack Ventures,"Chicago, Illinois, United States","Micro VC, Syndicate, Venture Capital",New Stack Ventures is a Chicago-based venture firm investing in early seed stage startups,newstack.vc,"E-Commerce, Education, Financial Services, Health Care, Information Technology, Internet, Manufacturing, Marketplace, SaaS, Software"
Boeing HorizonX Ventures,"Chicago, Illinois, United States","Corporate Venture Capital, Venture Capital",HorizonX Ventures is the venture capital arm of Boeing. The firm primarily invests in late seed through mid/growth stage companies.,boeing.com,"Advanced Materials, Artificial Intelligence, Cyber Security, Energy, Internet of Things, Logistics, Machine Learning, Manufacturing, Space Travel, Venture Capital"
Pallasite Ventures,"Chicago, Illinois, United States",Venture Capital,Pallasite Ventures provides early-stage financing for high-growth companies across a variety of industries.,pallasiteventures.com,Financial Services
Open Prairie,"Champaign, Illinois, United States",Venture Capital,"Open Prairie is a private equity fund manager providing fund deployment, advisory, and strategic planning services since 1997.",openprairie.com,"Angel Investment, Finance, Venture Capital"
Guggenheim Partners,"Chicago, Illinois, United States","Investment Bank, Venture Capital","Guggenheim Partners is a diversified financial services firm, offers investment management and banking, and insurance services.",guggenheimpartners.com,"Finance, Financial Services, Venture Capital"
Wintrust Ventures,"Rosamond, Illinois, United States","Corporate Venture Capital, Venture Capital",Wintrust Ventures is a trusted faciliator of innovative start-up growth in the greater Chicago community.,wintrust.com,"Business Development, Financial Services, Venture Capital"
CMT Digital Ventures LLC,"Chicago, Illinois, United States",Venture Capital,Opportunistic investments in blockchain companies and digital assets.,cmt.digital,"Blockchain, CRM, Cryptocurrency, Financial Services, FinTech, Information Technology"
Mesirow Financial,"Chicago, Illinois, United States",Private Equity Firm,Mesirow Financial is a diversified financial services firm that specializes in financial services and software.,mesirowfinancial.com,"Enterprise Software, Financial Services, Mobile"
DRW Venture Capital,"Chicago, Illinois, United States",Venture Capital,"DRW Venture Capital, an arm of principal trading firm DRW, invests primarily in financial and enterprise technology.",drwvc.com,"Financial Services, FinTech, Venture Capital"
Energy Foundry,"Chicago, Illinois, United States",Venture Capital,Energy Foundry is a Chicago-based venture fund that invests in early-stage energy and clean-tech startups.,energyfoundry.com,"Clean Energy, CleanTech, Energy, Energy Efficiency, Energy Storage, Impact Investing, Information Technology, Power Grid, Venture Capital"
William Blair,"Chicago, Illinois, United States","Investment Bank, Venture Capital",William Blair is a global investment banking and asset management firm.,williamblair.com,"Asset Management, Banking, Finance, Financial Services, Wealth Management"
Prospect Partners,"Chicago, Illinois, United States",Private Equity Firm,Prospect Partners is a leading private equity firm that invests in smaller lower-middle-market companies.,prospect-partners.com,"Financial Services, Manufacturing, Venture Capital"
New Coast Ventures,"Chicago, Illinois, United States","Micro VC, Venture Capital","New Coast Ventures is a full-service web and mobile development firm that builds solutions for Fortune 500s, startups, and even itself.",newcoastventures.com,"Computer, Consulting, Web Development"
Leo Capital Holdings,"Northbrook, Illinois, United States",Venture Capital,"Leo Capital Holdings, LLC is a privately funded venture investor making investments in early and later stage private companies.",leocapholdings.com,"Finance, FinTech, Venture Capital"
Balyasny Asset Management,"Chicago, Illinois, United States",Private Equity Firm,"Founded in 2001, BAM is a $12 billion asset management firm dedicated to delivering consistent, uncorrelated absolute returns",bamfunds.com,
Victory Park Capital,"Chicago, Illinois, United States",Private Equity Firm,"Victory Park Capital Advisors is a privately held, SEC-registered, global alternative investment firm.",victoryparkcapital.com,
Alpha Capital,"Chicago, Illinois, United States",Private Equity Firm,"Alpha Capital provides equity financing solutions and is a private equity investment firm based in Chicago, Illinois.",alphacapital.com,"Biotechnology, Financial Services, Software"
Salveo Capital,"Chicago, Illinois, United States",Private Equity Firm,Private investment fund focused on the legalized cannabis industry,salveocapital.com,Venture Capital
Zebra Ventures,"Lincolnshire, Illinois, United States",Venture Capital,Zebra Ventures is the strategic investment arm of Zebra Technologies.,zebra.com,"Business Development, Financial Services, Venture Capital"
GTCR,"Chicago, Illinois, United States",Private Equity Firm,"GTCR LLC is a private equity firm focused on leveraged buyout, leveraged recapitalization, growth capital and rollup transactions.",gtcr.com,"Finance, Financial Services"
KGC Capital,"Chicago, Illinois, United States",Venture Capital,KGC Capital is a U.S.-based venture capital firm focused on seed- and early-stage venture investments.,kgccapital.com,"Finance, Financial Services, Venture Capital"
Method Capital,"Chicago, Illinois, United States",Venture Capital,Method Capital is a Chicago-based venture capital firm specialized in growth stage investments in B2B technology companies.,method.capital,"Financial Services, FinTech, Venture Capital"
Chaifetz Group,"Chicago, Illinois, United States","Family Investment Office, Private Equity Firm, Venture Capital",Chaifetz Group is a venture capital and private equity firm specializing in early- and mid-stage growth companies.,chaifetzgroup.com,"Financial Services, Venture Capital"
Keystone Capital,"Chicago, Illinois, United States",Private Equity Firm,"Keystone Capital has followed a very different approach to investing in, and growing, companies.",keystonecapital.com,"Finance, Financial Services, Venture Capital"
R7 Partners,"Chicago, Illinois, United States","Micro VC, Venture Capital",R7 Partners is a venture capital firm that invests in early-stage companies building transformational technologies.,r7partners.com,"Enterprise Software, Finance, Transportation"
Motivate Venture Capital,"Chicago, Illinois, United States","Micro VC, Venture Capital",Motivate Venture Capital is a venture capital firm that invests in Seed-stage companies across the US and Canada.,motivate.vc,
WP Global Partners,"Chicago, Illinois, United States",Family Investment Office,"Institutional investor in venture capital, private equity, and private debt.",wpglobalpartners.com,"Finance, Financial Services, Venture Capital"
Founder Equity,"Chicago, Illinois, United States",Micro VC,Founder Equity is an Early-Stage Venture Capital fund with offices in Chicago and Dallas,founderequity.com,
Chicago Growth Partners,"Chicago, Illinois, United States",Private Equity Firm,Chicago Growth Partners (CGP) is a Midwest US based private equity firm that provides expansion and buyout capital to middle-market,cgp.com,"Biotechnology, Health Care, Venture Capital"
Chingona Ventures,"Chicago, Illinois, United States",Venture Capital,Chingona Ventures invests in founders from backgrounds and industries that are not well understood by the traditional investor.,chingona.ventures,
Ariadne Capital Limited,"Malta, Illinois, United States",Venture Capital,Ariadne Capital enables corporate who seek new digital revenues and startups who understand digital infrastructure.,ariadnecapital.com,"Business Development, Finance, Financial Services"
Cleveland Avenue,"Chicago, Illinois, United States","Accelerator, Venture Capital","Cleveland Avenue is a Chicago-based Venture Fund and Accelerator that brings unparalleled resources to Food, Beverage & Tech businesses.",clevelandavenue.com,"Consumer Goods, Food and Beverage, Retail Technology, Venture Capital"
IAN Fund,"Vermont, Illinois, United States",Venture Capital,IAN Fund is a non-profit fund designed to support the children and families of avalanche victims,ianfund.org,"Finance, Non Profit"
Bridge Investments,"Highland Park, Illinois, United States",Private Equity Firm,Chicago-based private equity and venture capital firm focused on the lower middle market (sub $5 million in EBITDA).,bridgeinvestments.com,
Fulcrum Investing,"Chicago, Illinois, United States","Family Investment Office, Micro VC",Fulcrum Investing is a family office dedicated to the advancement and assistance of start-up companies and the entrepreneurial community.,fulcruminvesting.com,
Ekistic Ventures,"Chicago, Illinois, United States","Micro VC, Venture Capital",Ekistic Ventures is a group of urban problem-solvers investing our expertise and capital to make cities more efficient and equitable.,ekistic.com,
Network Ventures,"Chicago, Illinois, United States",Micro VC,Network Ventures is a Chicago-based company that provides venture capital to seed stage companies.,networkventures.vc,
Tally Capital,"Chicago, Illinois, United States","Hedge Fund, Venture Capital",Blockchain technology represents one of the greatest generational opportunities for entrepreneurs and investors.,tallycapital.com,"Bitcoin, Cryptocurrency, Ethereum, Open Source, Venture Capital"
Lincoln Park Capital Fund,"Chicago, Illinois, United States",Venture Capital,Lincoln Park Capital Fund is a Chicago-based asset management firm focused on opportunistic investing in public and private companies.,lincolnparkcapital.com,
Equator Capital Partners,"Chicago, Illinois, United States",Private Equity Firm,Equator Capital Partners is a fund management company that invests in private sector financial enterprises.,equatorcap.net,
Synetro Group,"Chicago, Illinois, United States",Venture Capital,Synetro Group is a private investment and strategic advisory firm focused primarily on b-to-b software and business services companies.,synetro.com,"Finance, Financial Services, Venture Capital"
CIVC Partners,"Chicago, Illinois, United States",Private Equity Firm,Chicago-based private equity firm with 50 years of experience.,civc.com,"Finance, Financial Services, Venture Capital"
EMERGE Accelerator (A TechNexus Venture),"Chicago, Illinois, United States",Accelerator,"Connectors of enterprises, first responders, and cities with startups building tomorrow's technology to increase productivity and safety.",emerge.technexus.com,"Public Safety, Wearables"
Prism Capital Corporation,"Chicago, Illinois, United States",Private Equity Firm,"Prism Capital is a private equity firm specializing in growth finance, recapitalizations, and buyouts.",prismfund.com,"Health Care, Information Technology, Manufacturing"
Bluestein & Associates,"Chicago, Illinois, United States",Family Investment Office,"Bluestein & Associates is a family office based in Chicago, right in the heart of the Midwest. It was formed in 2009 and redirected in 2014.",bluesteinassociates.com,
Beecken Petty O'Keefe & Company,"Chicago, Illinois, United States",Private Equity Firm,Beecken Petty O'Keefe & Company is a private equity management firm that specializes exclusively in healthcare.,bpoc.com,"Angel Investment, Finance, Health Care"
Frontenac Company,"Chicago, Illinois, United States",Private Equity Firm,Frontenac Company is a Chicago-based private investment firm founded in 1971. We are currently investing from our tenth equity fund. We,frontenac.com,"Food and Beverage, Industrial, Venture Capital"
Driehaus Capital Management,"Chicago, Illinois, United States",Private Equity Firm,Driehaus is an investment management firm that manages growth equity investment strategies and multi-asset alternative strategies.,driehaus.com,
Mosaix Ventures,"Chicago, Illinois, United States",Private Equity Firm,Mosaix Ventures is an investment partnership focused on supporting innovative companies with exceptional potential.,mosaixventures.com,"Finance, Financial Services, Venture Capital"
Germin8 Ventures,"Chicago, Illinois, United States","Micro VC, Venture Capital",Germin8 Ventures is a leading venture capital firm actively investing with domain expertise and strategic backing in FoodTech & AgTech.,germin8ventures.com,"Impact Investing, Sustainability, Venture Capital"
Veritas Investment GmbH,"Frankfurt, Hessen, Germany",Venture Capital,"Veritas Investment GmbH is a venture capital firm located in Frankfurt, Germany.",veritas-investment.de,
Nils Regge,"Hamburg, Germany, Europe",Individual/Angel,"Nils is a serial entrepreneur and company builder with a long-standing passion for health and biomedicine. At Apollo, Nils brings deal makin...",,
Uwe Horstmann,"Berlin, Berlin, Germany","Investment Partner, Individual/Angel","Uwe co-founded investment firm Project A Ventures ($100Mn+ fund) in 2012, where he focuses on product management, internationalization and d...",,
IVC Venture Capital,"Bad Homburg, Hessen, Germany",Venture Capital,IVC Venture Capital offers early stage and expansion capital for high-growth technology companies.,ivc-venture-capital.com,
Bastian Nominacher,"Munich, Bayern, Germany",Individual/Angel,"Co-Founder and Co-CEO Responsible for EMEA & APAC, global operations, finance, HR and the overall direction for Celonis.",,
DIVEdigital,"Munich, Bayern, Germany",Venture Capital,DIVEdigital is a small investment boutique which concentrates on Israeli high tech Start-Ups.,divedigital.de,"Artificial Intelligence, Machine Learning, Manufacturing, Predictive Analytics, Robotics, Sensor"
Marcus Mosen,"Cologne, Nordrhein-Westfalen, Germany","Investment Partner, Individual/Angel",Marcus Mosen,,
Acton Capital,"Munich, Bayern, Germany",Venture Capital,"Acton Capital is a leading growth venture capital investor in tech-enabled business models, headquartered in Munich, Germany.",actoncapital.com,"Artificial Intelligence, E-Commerce, E-Commerce Platforms, E-Learning, FinTech, Health Care, Marketplace, SaaS, Venture Capital"
Voltage Ventures,"Berlin, Berlin, Germany",Venture Capital,Voltage Ventures is a venture capital firm in Berlin with extensive expertise in building global B2B and B2C technology companies.,voltage.vc,"Finance, Financial Services, FinTech"
White Owl Capital,"Berlin, Berlin, Germany","Micro VC, Venture Capital",White Owl Capital is an international investment and specialised fund and asset management group with longstanding capabilities in the,whiteowl.de,
eCAPITAL ENTREPRENEURIAL PARTNERS,"M√Љnster, Nordrhein-Westfalen, Germany","Micro VC, Venture Capital",eCAPITAL is a venture capital firm that provides early to growth stage funding to technology companies.,ecapital.vc,"Business Development, Financial Services, Venture Capital"
BayBG,"Munich, Bayern, Germany",Venture Capital,"BayBG is an equity investor in Munich, GER. BayBG invests in Bavarian SME as well as startups using both equity and mezzanine capital.",baybg.de,"Finance, Financial Services, Manufacturing, Venture Capital"
MIG,"Munich, Bayern, Germany",Venture Capital,"MIG is a leading German VC investor, focussed on early to mid-stage technology and life science companies.",mig.ag,"Finance, Financial Services, Venture Capital"
SevenVentures,"Unterf√ґhring, Bayern, Germany",Corporate Venture Capital,SevenVentures focuses on a flexible investment approach including cash investments for minority interests and media partnerships.,sevenventures.de,"News, Publishing, Venture Capital"
Momeni Digital Ventures,"Hamburg, Hamburg, Germany",Venture Capital,Momeni Digital Ventures is an PropTech investment firm.,momeni-group.com,
CVM Capital,"Dortmund, Nordrhein-Westfalen, Germany",Venture Capital,CVM Capital is a management consultancy which has focused its activities to the requirements of small and medium-sized enterprises.,cvm-gmbh.de,
SIB Innovations- und Beteiligungsgesellschaft,"Dresden, Sachsen, Germany","Private Equity Firm, Venture Capital",SIB is a investment company that provides its clients with equity financing solutions and services.,sib-dresden.de,"Information Technology, Manufacturing, Software, Venture Capital"
MAS Angel Fund,"Berlin, Berlin, Germany",Angel Group,MAS Angel Fund is an angel investment group specialized in early stage investments.,angelfund.vc,"Angel Investment, Finance, Venture Capital"
DigitalRain,"Berlin, Berlin, Germany",Angel Group,"Digital Rain identifies ambitious and talented online companies in search of capital, business connections, and expert guidance.",digitalrain.de,
Eran Davidson,"Berlin, Berlin, Germany","Investment Partner, Individual/Angel","Eran Davidson founded Davidson Technology Growth Debt fund in 2014. Eran has 20 years of venture capital experience, raised and managed 6 fu...",,
Engelhardt Kaupp Kiefer,"Stuttgart, Baden-Wurttemberg, Germany",Angel Group,"Engelhardt Kaupp Kiefer is a private equity firm based in Stuttgart, Germany.",ekkub.de,"Finance, Financial Services, Information Technology"
Ryan Hood,"Cologne, Nordrhein-Westfalen, Germany",Individual/Angel,Ryan Hood - CEO @ hood.de,,
Andrea Anderheggen,"Butzbach, Hessen, Germany",Individual/Angel,"Andrea, born in 1977, is CEO and founder of Shopgate. Before fully joining his Shopgate team in 2011 Andrea has been a co-founder and COO of...",,
HMW Innovations AG,"Pullach Im Isartal, Bayern, Germany",Venture Capital,HMW Innovations AG is a German investment company focused on the medical technology and biotechnology markets.,alfred-wieder.ag,
Felix Heberle,"Munich, Bayern, Germany",Individual/Angel,"Felix is an entrepreneur and networker at heart. Since founding his first two start-ups while studying at university, Felix has worked at le...",,
Senovo,"Munich, Bayern, Germany",Venture Capital,Senovo focuses on early stage B2B SaaS investments.,senovo.vc,"Finance, Financial Services, SaaS, Venture Capital"
Enjoyventure Management,"Düsseldorf, Nordrhein-Westfalen, Germany","Entrepreneurship Program, Private Equity Firm, Venture Capital",The EnjoyVenture Management is a private equity company that focuses its investments on the seed and early-stage companies.,enjoyventure.vc,"Finance, Financial Services, Venture Capital"
DvH Ventures,"Köln, Nordrhein-Westfalen, Germany",Venture Capital,DvH Ventures is a early-stage investors in Germany.,dvhventures.de,"Digital Media, FinTech, Venture Capital"
United Prototype,"Cologne, Nordrhein-Westfalen, Germany",Venture Capital,United Prototype is an website creator and content developer for large businesses.,unitedprototype.com,"Gaming, Incubators, Information Services, Information Technology, Social"
SHS Gesellschaft fur Beteiligungsmanagement,"T√Љbingen, Baden-Wurttemberg, Germany",Venture Capital,SHS is an independent private equity company focus on investments in the MedTech and Life Sciences sectors.,shs-capital.eu,"Analytics, Finance, Financial Services, Venture Capital"
Global Life Science Ventures,"Munich, Bayern, Germany",Venture Capital,Global Life Science Ventures is a swiss investment fund focusing exclusively on the life sciences sector.,global-life-science-ventures.com,"Financial Services, Life Science, Venture Capital"
Verena Pausder,"Berlin, Berlin, Germany",Individual/Angel,Verena Pausder,,
Michael Schmitt,"Berlin, Berlin, Germany",Individual/Angel,"Michael studied Computer Science at TU Munich and UC Santa Barbara. The dot-com bubble caused him not to finish his Ph.D., but he has come t...",,
Global Chance Fund,"Landshut, Bayern, Germany",Venture Capital,The Global Fund chance in promising innovative enterprises - and get the chance of above-average returns at above-average risk.,global-chance-fund.de,
Kazim Bahar,"Frankfurt, Hessen, Germany",Individual/Angel,"Kazim is an entrepreneur and CEO. Previously, he has more than 25 years of experience and has worked as senior solution architect in numerou...",devtrend.de,
BayTech Venture Capital,"Munich, Bayern, Germany",Venture Capital,BayTech Venture Capital is a European Venture Capital firm.,baytechventurecapital.de,"Mobile, Venture Capital, Wireless"
Peter Dietrich,"Berlin, Berlin, Germany",Individual/Angel,The lawyer Peter Dietrich worked as a headhunter at Kienbaum and Heidrick & Struggles before he became Sales Director for Enterprise Finance...,,
Holtzbrinck Digital,"Munich, Bayern, Germany",Corporate Venture Capital,"Holtzbrinck Digital investment focus is on digital businesses in the fields of Science, Education, Content and Health.",holtzbrinck-digital.com,"Content, Education, Health Care"
Christian Reitberger,"Munich, Bayern, Germany","Investment Partner, Individual/Angel",Christian Reitberger has worked with btov since 2008 вАУ initially as a Member of the Investorenkreis and a lead investor on numerous deep tec...,,
Sympasis Innovation Capital,"Ettlingen, Baden-Wurttemberg, Germany",Angel Group,Sympasis Innovation Capital was a venture capital firm that preferred to invest in companies.,sympasis.com,
Oliver Hehl,"Walldorf, Baden-Wurttemberg, Germany",Individual/Angel,Oliver Hehl,ahanya.vc,
Allianz X,"Munich, Bayern, Germany",Corporate Venture Capital,Allianz X is the digital investment unit of the Allianz Group that invests in digital growth companies related to insurance.,allianzx.com,"Banking, Information Technology, Venture Capital"
Yabeo Capital,"Grünwald, Bayern, Germany",Venture Capital,Yabeo Capital focuses on financial purposes and internet related business.,yabeo.de,Venture Capital
Holger Hengstler,"Munich, Bayern, Germany",Individual/Angel,Holger Hengstler - Member of the Board @ Wine in Black,,
Sven Kirkerup,"Hamburg, Hamburg, Germany",Individual/Angel,Sven Kirkerup - Investor @ Labstep,,
Life Science Fonds Esslingen,"Esslingen, Baden-Wurttemberg, Germany",Venture Capital,Life Science Fonds Esslingen was an investment firm in the healthcare and life science sectors.,esslingen.de,
Golden Equator Ventures,"Singapore, Central Region, Singapore",Venture Capital,Golden Equator Ventures is a Singapore-based venture capital firm that invests in high-growth technology companies in Southeast Asia.,,"Financial Services, Venture Capital"
Red Dot Ventures,"Singapore, Central Region, Singapore","Micro VC, Venture Capital","Red Dot Ventures is a venture capital firm investing in Singapore-based, seed stage high-tech startups.",reddotventures.com,"Finance, Incubators, Venture Capital"
Atlas Ventures,"Singapore, Central Region, Singapore",Venture Capital,Atlas Ventures is an early stage VC fund,atlas.ventures,
Innosight Ventures,"Singapore, Central Region, Singapore",Venture Capital,Innosight Ventures leverages more than 20 years of applied research by innovation thought leaders like Clayton Christensen and field work,innosightventures.com,"E-Commerce, Financial Services, Venture Capital"
United Overseas Bank,"Singapore, Central Region, Singapore",Venture Debt,United Overseas Bank is a bank in China that caters to SMEs with financial services.,uobgroup.com,"Banking, Finance, Financial Services"
Capikris Foundation,"Singapore, Central Region, Singapore","Angel Group, Family Investment Office","Experienced Investor in seed, pre-series A, series A and follow on stages; global, scalable and relevant technologies",,"Analytics, Angel Investment, Impact Investing, Internet, Medical, Quantum Computing"
TRIVE,"Singapore, Central Region, Singapore",Micro VC,TRIVE is a venture capital firm that invest in technology startups.,trive.vc,"Analytics, Artificial Intelligence, Business Intelligence, Internet, Machine Learning, Venture Capital"
Get2Volume,"Singapore, Central Region, Singapore",Venture Capital,"Capabilities, capital and connections for Midwest and Singapore B2B technology companies",get2volume.com,"Financial Services, FinTech, Venture Capital"
Azione Capital Pte Ltd,"Singapore, Central Region, Singapore",Venture Capital,Azione Capital Pte Ltd is a seed stage venture capital investment company with its startup business incubator physically headquartered in,azionecapital.com,"Financial Services, FinTech, Venture Capital"
OCBC Bank of Singapore,"Singapore, Central Region, Singapore",Private Equity Firm,"OCBC Bank of Singapore provides its clients with various financial services, ranging from transaction banking to stockbroking services.",ocbc.com,"Banking, Financial Services"
IncuVest,"Singapore, Central Region, Singapore","Angel Group, Venture Capital",IncuVest is a Singapore-based early and growth-stage tech investment platform,incuvestasia.com,"Advanced Materials, Artificial Intelligence, Augmented Reality, Internet of Things, Machine Learning, Medical Device, Semiconductor, Venture Capital"
Pix Vine Capital,"Singapore, Central Region, Singapore",Corporate Venture Capital,"Pix Vine Capital is a Singaporean early-stage venture capital firm that seeks to invest in infotech, medtech, and fintech.",pixvc.com,"Angel Investment, Finance, Financial Services, Impact Investing, Venture Capital"
Expara Thailand,"Singapore, Central Region, Singapore",Venture Capital,Expara Thailand is a venture capital providing both investment and services to the enterprise ecosystem.,expara.com,"Financial Services, FinTech, Government, Venture Capital"
Iterative,"Singapore, Central Region, Singapore","Accelerator, Venture Capital",Iterative is an accelerator focused exclusively on Southeast Asia.,iterative.vc,
500 Durians,"Singapore, Central Region, Singapore",Venture Capital,"500 Durians is a venture capital firm that helps entrepreneur create successful companies at scale, and build thriving global ecosystems. ",durians.500.co,"Finance, Financial Services, FinTech, Venture Capital"
Govin Capital Pte Ltd,"Singapore, Central Region, Singapore",Venture Capital,Govin capital is an venture company that aims to add value to innovative Startups by mking investments with access to mentors & markets,govincapital.com,"Artificial Intelligence, Biotechnology, Education, Health Care, Health Diagnostics, Health Insurance, Information Technology, Medical, Venture Capital"
"Rakuten Accelerator, Powered by Techstars","Singapore, Central Region, Singapore",Accelerator,"Rakuten Accelerator, Powered by Techstars is a mentorship-driven accelerator.",techstars.com,"Business Development, Financial Services, Messaging, Social Network"
HH Investments VC,"Singapore, Central Region, Singapore","Family Investment Office, Venture Capital",Venture Capital firm with focus on early stage technology ventures that solve meaningful problems.,,
Tembusu Partners,"Singapore, Central Region, Singapore",Private Equity Firm,Tembusu Partners is a Singapore-based private equity firm focused on investments in growth stage companies.,tembusupartners.com,"Finance, Financial Services, Impact Investing"
LVP,"London, England, United Kingdom",Micro VC,London Venture Partners is a seed fund that focuses on the game ecosystem.,londonvp.com,"Augmented Reality, Gaming, Information Technology, Venture Capital, Virtual Reality"
Bridges Fund Management,"London, England, United Kingdom",Private Equity Firm,Bridges Fund Management is a specialist fund manager dedicated to sustainable and impact investment.,bridgesfundmanagement.com,"Finance, Financial Services, Venture Capital"
European Bank for Reconstruction and Development,"London, England, United Kingdom","Government Office, Investment Bank",European Bank for Reconstruction and Development is an investing firm.,ebrd.com,"Banking, Finance, Venture Capital"
PROfounders Capital,"London, England, United Kingdom",Micro VC,PROfounders Capital is an early-stage VC backed by successful entrepreneurs and focused on investing in technology start-ups across Europe.,profounderscapital.com,"Finance, Venture Capital"
European Union,"London, England, United Kingdom",Government Office,"European Union provides access to information published by all EU institutions, agencies and bodies.",europa.eu,"Education, Government, Information Services"
Vitruvian Partners,"London, England, United Kingdom",Private Equity Firm,"Vitruvian Partners is an equity firm that specializes in middle-market buyouts, growth buyouts, and growth capital investments.",vitruvianpartners.com,"Finance, Financial Services, Venture Capital"
Firstminute Capital,"London, England, United Kingdom",Micro VC,"An early-stage venture fund based in London, investing globally. Backed by 30 unicorn founders and global strategics.",firstminute.capital,"Finance, Financial Services, Venture Capital"
Generation Investment Management,"London, England, United Kingdom",Private Equity Firm,Generation Investment Management is a private equity firm focused on integrated sustainability research and client alignment.,generationim.com,"Finance, Financial Services, FinTech, Social, Sustainability, Venture Capital"
Calculus Capital,"London, England, United Kingdom",Private Equity Firm,Calculus Capital creates and manages tax efficient private equity funds for individuals.,calculuscapital.com,"Finance, Financial Services, Venture Capital"
Virgin Group,"London, England, United Kingdom",Private Equity Firm,"Virgin Group is an investment company focused on leisure, travel, tourism, mobile, broadband, TV, radio, music, finance, and health sectors.",virgin.com,"Financial Services, Venture Capital"
Imperial Create Lab,"London, England, United Kingdom","Incubator, University Program","Imperial Create Lab brings together the innovators, makers and game-changers to hack, learn and build things that matter.",imperialcollegeunion.org,"Communities, Incubators, Innovation Management"
BOOST&Co,"London, England, United Kingdom",Venture Debt,BOOST&Co provides debt solutions to innovative SMEs in Europe.,boostandco.com,"Finance, Financial Services, Venture Capital"
Zouk Capital,"London, England, United Kingdom",Private Equity Firm,Zouk Capital is an independent London-based private equity fund manager investing in companies that advance resource efficiency.,zouk.com,"Finance, Financial Services, Venture Capital"
Hg,"London, England, United Kingdom",Private Equity Firm,"Hg aim is to partner with great businesses across the technology and, services space.",hgcapital.com,"Finance, Financial Services, Venture Capital"
GSMA Ecosystem Accelerator,"London, England, United Kingdom",Entrepreneurship Program,GSMA Ecosystem Accelerator builds synergies between start-ups and mobile operators to scale mobile services in emerging markets.,gsma.com,"Information Services, Innovation Management, Mobile"
Janus Henderson Investors,"London, England, United Kingdom",Private Equity Firm,Janus Henderson Investors is an asset manager that helps clients achieve their financial goals.,janushenderson.com,"Asset Management, Finance, Financial Services"
Nesta Impact Investments,"London, England, United Kingdom",Micro VC,"Nesta Impact Investments are investing in start-up and early stage technology, education and media companies.",nestainvestments.org.uk,"Finance, Financial Services"
Helios Investment Partners,"London, England, United Kingdom",Private Equity Firm,Helios Investment Partners LLP is a private equity and venture capital firm.,heliosinvestment.com,"Finance, Financial Services, Venture Capital"
Alpina Partners,"London, England, United Kingdom",Private Equity Firm,Alpina Partners is an independent private equity firm which invests in European technology companies.,alpinapartners.com,"Finance, Financial Services, Venture Capital"
50 Partners,"Paris, Ile-de-France, France",Accelerator,"50 Partners is a French accelerator providing IT startups with mentoring, financing, and office space in central Paris.",50partners.fr,"Finance, Incubators, Venture Capital"
Societe Generale Asset Management,"Paris, Ile-de-France, France","Investment Bank, Private Equity Firm","Societe Generale Asset Management, a French multinational banking and financial services firm, offers investment solutions for its clients.",sgam-ai.com,Financial Services
BOOST Programs,"Paris, Ile-de-France, France",Accelerator,Acceleration program for business focused startups.,boost.atelier.bnpparibas,
KREAXI,"Limonest, Rhone-Alpes, France",Micro VC,KREAXI is a financial partner for companies starting in Rhone-Alpes which helps to overcome capital investment shortcomings.,kreaxi.com,Venture Capital
Amundi Private Equity Funds,"Paris, Ile-de-France, France",Private Equity Firm,"Amundi Private Equity Funds, an Amundi asset management subsidiary, specialises in private equity and unlisted infrastructure investments.",amundi.com,"Finance, Financial Services, Venture Capital"
Truffle Capital,"Paris, Ile-de-France, France",Private Equity Firm,Truffle Capital is an independent European private equity firm originally set up for investing in technology spin-offs.,truffle.com,"Finance, Financial Services, Venture Capital"
eFounders,"Paris, Ile-de-France, France",Incubator,We build the future of work,efounders.com,"B2B, Enterprise Software, SaaS"
IDIA Capital Investissement,"Paris, Ile-de-France, France",Private Equity Firm,IDIA Capital Investissement is a private equity arm of Cr√©dit Agricole Capital Investissement.,tiredeets.com,Venture Capital
Krinova,"Kristianstad, Skane Lan, Sweden",Incubator,"Krinova, an incubator and science park, offers meeting spaces, arranges tailor-made conferences, and promotes innovations and development.",krinova.se,Incubators
Mimir Capital,"Stockholm, Stockholms Lan, Sweden",Private Equity Firm,Mimir Capital is a private investment firm providing customized solutions,mimirinvest.com,Angel Investment
Chi Impact Capital,"Zurich, Zurich, Switzerland",Venture Capital,Chi Impact Capital is a fully independent and dedicated Swiss based impact investment management firm.,chi-impact.com,"Impact Investing, Venture Capital"
Aktieinvest,"Stockholm, Stockholms Lan, Sweden",Fund Of Funds,"Aktieinvest is a provider of investment savings account, children saving account, and other investment schemes.",aktieinvest.se,
swissminds AG,"D√Љdingen, Fribourg, Switzerland",Venture Capital,"Swissminds specializes in high-tech startups not only with capital, but also with hands-on consultation and experience from entrepreneurs.",swissminds.com,"Advice, Business Development, Enterprise, Finance, Management Consulting, Venture Capital"
Transferator,"Stockholm, Stockholms Lan, Sweden",Private Equity Firm,"Transferator AB is private equity firm which seeks to acquire minority stakes in promising growth companies, private as well as listed.",transferator.se,
Erik Penser Bankaktiebolag,"Stockholm, Stockholms Lan, Sweden",Investment Bank,"Erik Penser BankaktiebolagвАЩs mission is to create value for our clients. Our services include investment management services, equity",penser.se,
Venture Cup,"Stockholm, Stockholms Lan, Sweden",Startup Competition,Venture Cup is the largest competition for those looking to develop their business idea and start a business.,venturecup.se,Non Profit
Framtidens F√ґretag,"Gothenburg, Vastra Gotaland, Sweden",Incubator,Framtidens F√ґretag(Future Enterprises) is a business incubator.,framtidensforetag.se,
Mannerheim Invest,"Stockholm, Stockholms Lan, Sweden",Private Equity Firm,Mannerheim Invest focuses on energy technologies and services plus a non-branch specific portfolio of venture capital investments.,mannerheim.se,
Connecting Capital,"Stockholm, Stockholms Lan, Sweden",Private Equity Firm,Connecting Capital is an investment company that conducts operations in the form of a limited liability company.,connectingcapital.se,
Bernegger Ventures,"Zurich, Zurich, Switzerland","Micro VC, Venture Capital","Bernegger Ventures is a venture capital firm specializing in incubation, seed/startup, emerging growth, and growth capital investments.",bernegger-ventures.com,Venture Capital
VIG Startup Studio,"Zurich, Zurich, Switzerland","Angel Group, Venture Capital",VIG is a Pan-African start-up studio that builds innovative ventures.,vigventures.com,
SHIFT Camp,"Stockholm, Stockholms Lan, Sweden",Accelerator,Shift is a unique accelerator which is built around a mentoring program for businesses working towards progressive systemic change.,shifts.se,
hiCenter Ventures,"Haifa, Hefa, Israel",Accelerator,A technology and business accelerator dedicated to value creation by partnering with talented entrepreneurs with proven innovations.,hicenter.co.il,"Business Development, Hedge Funds, Information Technology"
TargeTech,"Netanya, HaMerkaz, Israel",Incubator,TargeTech is an incubator and a venture capital firm.,targetech.co.il,"Business Development, Enterprise Software, Information Technology"
